0.1,"","Διδαχὴ","","διδαχή",noun,"","","","",sg,f,nom
0.1,"","κυρίου","","κύριος",noun,"","","","",sg,m,gen
0.1,"","διὰ","","διά",prep,"","","","","","",""
0.1,"","τῶν","","ὁ",det,"","","","",pl,m,gen
0.1,"","δώδεκα","","δώδεκα",num,"","","","","","",""
0.1,"","ἀποστόλων","","ἀπόστολος",noun,"","","","",pl,m,gen
0.1,"","τοῖς","","ὁ",det,"","","","",pl,n,dat
0.1,"","ἔθνεσιν",.,"ἔθνος",noun,"","","","",pl,n,dat
1.1,"","Ὁδοὶ","","ὁδός",noun,"","","","",pl,f,nom
1.1,"","δύο","","δύο",num,"","","","","","",""
1.1,"","εἰσί",",","εἰμί",verb,pres,act,ind,3,pl,"",""
1.1,"","μία","","εἷς",adj,"","","","",sg,f,nom
1.1,"","τῆς","","ὁ",det,"","","","",sg,f,gen
1.1,"","ζωῆς","","ζωή",noun,"","","","",sg,f,gen
1.1,"","καὶ","","καί",conj,"","","","","","",""
1.1,"","μία","","εἷς",adj,"","","","",sg,f,nom
1.1,"","τοῦ","","ὁ",det,"","","","",sg,m,gen
1.1,"","θανάτου",",","θάνατος",noun,"","","","",sg,m,gen
1.1,"","διαφορὰ","","διαφορά",noun,"","","","",sg,f,nom
1.1,"","δὲ","","δέ",ptcl,"","","","","","",""
1.1,"","πολλὴ","","πολύς",adj,"","","","",sg,f,nom
1.1,"","μεταξὺ","","μεταξύ",prep,"","","","","","",""
1.1,"","τῶν","","ὁ",det,"","","","",pl,f,gen
1.1,"","δύο","","δύο",num,"","","","","","",""
1.1,"","ὁδῶν",.,"ὁδός",noun,"","","","",pl,f,gen
1.2,"","Ἡ","","ὁ",det,"","","","",sg,f,nom
1.2,"","μὲν","","μέν",ptcl,"","","","","","",""
1.2,"","οὖν","","οὖν",ptcl,"","","","","","",""
1.2,"","ὁδὸς","","ὁδός",noun,"","","","",sg,f,nom
1.2,"","τῆς","","ὁ",det,"","","","",sg,f,gen
1.2,"","ζωῆς","","ζωή",noun,"","","","",sg,f,gen
1.2,"","ἐστιν","","εἰμί",verb,pres,act,ind,3,sg,"",""
1.2,"","αὕτη","·","οὗτος",pron,"","","","",sg,f,nom
1.2,"","πρῶτον","","πρῶτος",adj,"","","","",sg,n,acc
1.2,"","ἀγαπήσεις","","ἀγαπάω",verb,fut,act,ind,2,sg,"",""
1.2,"","τὸν","","ὁ",det,"","","","",sg,m,acc
1.2,"","θεὸν","","θεός",noun,"","","","",sg,m,acc
1.2,"","τὸν","","ὁ",det,"","","","",sg,m,acc
1.2,"","ποιήσαντά","","ποιέω",verb,aor,act,ptcp,"",sg,m,acc
1.2,"","σε",",","σύ",pron,"","","","",sg,"",acc
1.2,"","δεύτερον","","δεύτερος",adj,"","","","",sg,n,acc
1.2,"","τὸν","","ὁ",det,"","","","",sg,m,acc
1.2,"","πλησίον","","πλησίον",adv,"","","","","","",""
1.2,"","σου","","σύ",pron,"","","","",sg,"",gen
1.2,"","ὡς","","ὡς",adv,"","","","","","",""
1.2,"","σεαυτόν","·","σεαυτοῦ",pron,"","","","",sg,"",acc
1.2,"","πάντα","","πᾶς",adj,"","","","",pl,n,acc
1.2,"","δὲ","","δέ",ptcl,"","","","","","",""
1.2,"","ὅσα","","ὅσος",pron,"","","","",pl,n,acc
1.2,"","ἐὰν","","ἐάν",conj,"","","","","","",""
1.2,"","θελήσῃς","","θέλω",verb,aor,act,subj,2,sg,"",""
1.2,"","μὴ","","μή",ptcl,"","","","","","",""
1.2,"","γίνεσθαί","","γίνομαι",verb,pres,mid,inf,"","","",""
1.2,"","σοι",",","σύ",pron,"","","","",sg,"",dat
1.2,"","καὶ","","καί",conj,"","","","","","",""
1.2,"","σὺ","","σύ",pron,"","","","",sg,"",nom
1.2,"","ἄλλῳ","","ἄλλος",adj,"","","","",sg,m,dat
1.2,"","μὴ","","μή",ptcl,"","","","","","",""
1.2,"","ποίει",.,"ποιέω",verb,pres,act,impv,2,sg,"",""
1.3,"","Τούτων","","οὗτος",pron,"","","","",pl,n,gen
1.3,"","δὲ","","δέ",ptcl,"","","","","","",""
1.3,"","τῶν","","ὁ",det,"","","","",pl,m,gen
1.3,"","λόγων","","λόγος",noun,"","","","",pl,m,gen
1.3,"","ἡ","","ὁ",det,"","","","",sg,f,nom
1.3,"","διδαχή","","διδαχή",noun,"","","","",sg,f,nom
1.3,"","ἐστιν","","εἰμί",verb,pres,act,ind,3,sg,"",""
1.3,"","αὕτη","·","οὗτος",pron,"","","","",sg,f,nom
1.3,"","εὐλογεῖτε","","εὐλογέω",verb,pres,act,impv,2,pl,"",""
1.3,"","τοὺς","","ὁ",det,"","","","",pl,m,acc
1.3,"","καταρωμένους","","καταράομαι",verb,pres,mid,ptcp,"",pl,m,acc
1.3,"","ὑμῖν","","σύ",pron,"","","","",pl,"",dat
1.3,"","καὶ","","καί",conj,"","","","","","",""
1.3,"","προσεύχεσθε","","προσεύχομαι",verb,pres,mid,impv,2,pl,"",""
1.3,"","ὑπὲρ","","ὑπέρ",prep,"","","","","","",""
1.3,"","τῶν","","ὁ",det,"","","","",pl,m,gen
1.3,"","ἐχθρῶν","","ἐχθρός",noun,"","","","",pl,m,gen
1.3,"","ὑμῶν",",","σύ",pron,"","","","",pl,"",gen
1.3,"","νηστεύετε","","νηστεύω",verb,pres,act,impv,2,pl,"",""
1.3,"","δὲ","","δέ",ptcl,"","","","","","",""
1.3,"","ὑπὲρ","","ὑπέρ",prep,"","","","","","",""
1.3,"","τῶν","","ὁ",det,"","","","",pl,m,gen
1.3,"","διωκόντων","","διώκω",verb,pres,act,ptcp,"",pl,m,gen
1.3,"","ὑμᾶς","·","σύ",pron,"","","","",pl,"",acc
1.3,"","ποία","","ποῖος",adj,"","","","",sg,f,nom
1.3,"","γὰρ","","γάρ",ptcl,"","","","","","",""
1.3,"","χάρις",",","χάρις",noun,"","","","",sg,f,nom
1.3,"","ἐὰν","","ἐάν",conj,"","","","","","",""
1.3,"","ἀγαπᾶτε","","ἀγαπάω",verb,pres,act,subj,2,pl,"",""
1.3,"","τοὺς","","ὁ",det,"","","","",pl,m,acc
1.3,"","ἀγαπῶντας","","ἀγαπάω",verb,pres,act,ptcp,"",pl,m,acc
1.3,"","ὑμᾶς",;,"σύ",pron,"","","","",pl,"",acc
1.3,"","οὐχὶ","","οὐ",ptcl,"","","","","","",""
1.3,"","καὶ","","καί",adv,"","","","","","",""
1.3,"","τὰ","","ὁ",det,"","","","",pl,n,nom
1.3,"","ἔθνη","","ἔθνος",noun,"","","","",pl,n,nom
1.3,"","τὸ","","ὁ",det,"","","","",sg,n,acc
1.3,"","αὐτὸ","","αὐτός",adj,"","","","",sg,n,acc
1.3,"","ποιοῦσιν",;,"ποιέω",verb,pres,act,ind,3,pl,"",""
1.3,"","ὑμεῖς","","σύ",pron,"","","","",pl,"",nom
1.3,"","δὲ","","δέ",ptcl,"","","","","","",""
1.3,"","ἀγαπᾶτε","","ἀγαπάω",verb,pres,act,impv,2,pl,"",""
1.3,"","τοὺς","","ὁ",det,"","","","",pl,m,acc
1.3,"","μισοῦντας","","μισέω",verb,pres,act,ptcp,"",pl,m,acc
1.3,"","ὑμᾶς",",","σύ",pron,"","","","",pl,"",acc
1.3,"","καὶ","","καί",conj,"","","","","","",""
1.3,"","οὐχ","","οὐ",ptcl,"","","","","","",""
1.3,"","ἕξετε","","ἔχω",verb,fut,act,ind,2,pl,"",""
1.3,"","ἐχθρόν",.,"ἐχθρός",noun,"","","","",sg,m,acc
1.4,"","ἀπέχου","","ἀπέχω",verb,pres,mid,impv,2,sg,"",""
1.4,"","τῶν","","ὁ",det,"","","","",pl,f,gen
1.4,"","σαρκικῶν","","σαρκικός",adj,"","","","",pl,f,gen
1.4,"","καὶ","","καί",conj,"","","","","","",""
1.4,"","σωματικῶν","","σωματικός",adj,"","","","",pl,f,gen
1.4,"","ἐπιθυμιῶν","·","ἐπιθυμία",noun,"","","","",pl,f,gen
1.4,"","ἐάν","","ἐάν",conj,"","","","","","",""
1.4,"","τίς","","τις",pron,"","","","",sg,m,nom
1.4,"","σοι","","σύ",pron,"","","","",sg,"",dat
1.4,"","δῷ","","δίδωμι",verb,aor,act,subj,3,sg,"",""
1.4,"","ῥάπισμα","","ῥάπισμα",noun,"","","","",sg,n,acc
1.4,"","εἰς","","εἰς",prep,"","","","","","",""
1.4,"","τὴν","","ὁ",det,"","","","",sg,f,acc
1.4,"","δεξιὰν","","δεξιός",adj,"","","","",sg,f,acc
1.4,"","σιαγόνα",",","σιαγών",noun,"","","","",sg,f,acc
1.4,"","στρέψον","","στρέφω",verb,aor,act,impv,2,sg,"",""
1.4,"","αὐτῷ","","αὐτός",pron,"","","","",sg,m,dat
1.4,"","καὶ","","καί",conj,"","","","","","",""
1.4,"","τὴν","","ὁ",det,"","","","",sg,f,acc
1.4,"","ἄλλην",",","ἄλλος",adj,"","","","",sg,f,acc
1.4,"","καὶ","","καί",conj,"","","","","","",""
1.4,"","ἔσῃ","","εἰμί",verb,fut,mid,ind,2,sg,"",""
1.4,"","τέλειος","·","τέλειος",adj,"","","","",sg,m,nom
1.4,"","ἐὰν","","ἐάν",conj,"","","","","","",""
1.4,"","ἀγγαρεύσῃ","","ἀγγαρεύω",verb,aor,act,subj,3,sg,"",""
1.4,"","σέ","","σύ",pron,"","","","",sg,"",acc
1.4,"","τις","","τις",pron,"","","","",sg,m,nom
1.4,"","μίλιον","","μίλιον",noun,"","","","",sg,n,acc
1.4,"","ἕν",",","εἷς",num,"","","","",sg,n,acc
1.4,"","ὕπαγε","","ὑπάγω",verb,pres,act,impv,2,sg,"",""
1.4,"","μετ’","","μετά",prep,"","","","","","",""
1.4,"","αὐτοῦ","","αὐτός",pron,"","","","",sg,m,gen
1.4,"","δύο","·","δύο",num,"","","","",pl,n,acc
1.4,"","ἐὰν","","ἐάν",conj,"","","","","","",""
1.4,"","ἄρῃ","","αἴρω",verb,aor,act,subj,3,sg,"",""
1.4,"","τις","","τις",pron,"","","","",sg,m,nom
1.4,"","τὸ","","ὁ",det,"","","","",sg,n,acc
1.4,"","ἱμάτιόν","","ἱμάτιον",noun,"","","","",sg,n,acc
1.4,"","σου",",","σύ",pron,"","","","",sg,"",gen
1.4,"","δὸς","","δίδωμι",verb,aor,act,impv,2,sg,"",""
1.4,"","αὐτῷ","","αὐτός",pron,"","","","",sg,m,dat
1.4,"","καὶ","","καί",conj,"","","","","","",""
1.4,"","τὸν","","ὁ",det,"","","","",sg,m,acc
1.4,"","χιτῶνα","·","χιτών",noun,"","","","",sg,m,acc
1.4,"","ἐὰν","","ἐάν",conj,"","","","","","",""
1.4,"","λάβῃ","","λαμβάνω",verb,aor,act,subj,3,sg,"",""
1.4,"","τις","","τις",pron,"","","","",sg,m,nom
1.4,"","ἀπὸ","","ἀπό",prep,"","","","","","",""
1.4,"","σοῦ","","σύ",pron,"","","","",sg,"",gen
1.4,"","τὸ","","ὁ",det,"","","","",sg,n,acc
1.4,"","σόν",",","σός",adj,"","","","",sg,n,acc
1.4,"","μὴ","","μή",ptcl,"","","","","","",""
1.4,"","ἀπαίτει","·","ἀπαιτέω",verb,pres,act,impv,2,sg,"",""
1.4,"","οὐδὲ","","οὐδέ",conj,"","","","","","",""
1.4,"","γὰρ","","γάρ",ptcl,"","","","","","",""
1.4,"","δύνασαι",.,"δύναμαι",verb,pres,mid,ind,2,sg,"",""
1.5,"","παντὶ","","πᾶς",adj,"","","","",sg,m,dat
1.5,"","τῷ","","ὁ",det,"","","","",sg,m,dat
1.5,"","αἰτοῦντί","","αἰτέω",ptcp,pres,act,"","",sg,m,dat
1.5,"","σε","","σύ",pron,"","","",2,sg,m,acc
1.5,"","δίδου","","δίδωμι",verb,pres,act,impv,2,sg,"",""
1.5,"","καὶ","","καί",conj,"","","","","","",""
1.5,"","μὴ","","μή",ptcl,"","","","","","",""
1.5,"","ἀπαίτει","·","ἀπαιτέω",verb,pres,act,impv,2,sg,"",""
1.5,"","πᾶσι","","πᾶς",adj,"","","","",pl,m,dat
1.5,"","γὰρ","","γάρ",conj,"","","","","","",""
1.5,"","θέλει","","θέλω",verb,pres,act,ind,3,sg,"",""
1.5,"","δίδοσθαι","","δίδωμι",verb,pres,midpass,inf,"","","",""
1.5,"","ὁ","","ὁ",det,"","","","",sg,m,nom
1.5,"","πατὴρ","","πατήρ",noun,"","","","",sg,m,nom
1.5,"","ἐκ","","ἐκ",prep,"","","","","","",""
1.5,"","τῶν","","ὁ",det,"","","","",pl,n,gen
1.5,"","ἰδίων","","ἴδιος",adj,"","","","",pl,n,gen
1.5,"","χαρισμάτων",.,"χάρισμα",noun,"","","","",pl,n,gen
1.5,"","μακάριος","","μακάριος",adj,"","","","",sg,m,nom
1.5,"","ὁ","","ὁ",det,"","","","",sg,m,nom
1.5,"","διδοὺς","","δίδωμι",ptcp,pres,act,"","",sg,m,nom
1.5,"","κατὰ","","κατά",prep,"","","","","","",""
1.5,"","τὴν","","ὁ",det,"","","","",sg,f,acc
1.5,"","ἐντολήν","·","ἐντολή",noun,"","","","",sg,f,acc
1.5,"","ἀθῷος","","ἀθῷος",adj,"","","","",sg,m,nom
1.5,"","γάρ","","γάρ",conj,"","","","","","",""
1.5,"","ἐστιν",.,"εἰμί",verb,pres,act,ind,3,sg,"",""
1.5,"","οὐαὶ","","οὐαί",intj,"","","","","","",""
1.5,"","τῷ","","ὁ",det,"","","","",sg,m,dat
1.5,"","λαμβάνοντι","·","λαμβάνω",ptcp,pres,act,"","",sg,m,dat
1.5,"","εἰ","","εἰ",conj,"","","","","","",""
1.5,"","μὲν","","μέν",ptcl,"","","","","","",""
1.5,"","γὰρ","","γάρ",conj,"","","","","","",""
1.5,"","χρείαν","","χρεία",noun,"","","","",sg,f,acc
1.5,"","ἔχων","","ἔχω",ptcp,pres,act,"","",sg,m,nom
1.5,"","λαμβάνει","","λαμβάνω",verb,pres,act,ind,3,sg,"",""
1.5,"","τις",",","τις",pron,"","","","",sg,m,nom
1.5,"","ἀθῷος","","ἀθῷος",adj,"","","","",sg,m,nom
1.5,"","ἔσται","·","εἰμί",verb,fut,act,ind,3,sg,"",""
1.5,"","ὁ","","ὁ",det,"","","","",sg,m,nom
1.5,"","δὲ","","δέ",conj,"","","","","","",""
1.5,"","μὴ","","μή",ptcl,"","","","","","",""
1.5,"","χρείαν","","χρεία",noun,"","","","",sg,f,acc
1.5,"","ἔχων","","ἔχω",ptcp,pres,act,"","",sg,m,nom
1.5,"","δώσει","","δίδωμι",verb,fut,act,ind,3,sg,"",""
1.5,"","δίκην",",","δίκη",noun,"","","","",sg,f,acc
1.5,"","ἱνατί","","ἱνατί",adv,"","","","","","",""
1.5,"","ἔλαβε","","λαμβάνω",verb,aor,act,ind,3,sg,"",""
1.5,"","καὶ","","καί",conj,"","","","","","",""
1.5,"","εἰς","","εἰς",prep,"","","","","","",""
1.5,"","τί","·","τίς",pron,"","","","",sg,n,acc
1.5,"","ἐν","","ἐν",prep,"","","","","","",""
1.5,"","συνοχῇ","","συνοχή",noun,"","","","",sg,f,dat
1.5,"","δὲ","","δέ",conj,"","","","","","",""
1.5,"","γενόμενος","","γίγνομαι",ptcp,aor,midpass,"","",sg,m,nom
1.5,"","ἐξετασθήσεται","","ἐξετάζω",verb,fut,midpass,ind,3,sg,"",""
1.5,"","περὶ","","περί",prep,"","","","","","",""
1.5,"","ὧν","","ὅς",pron,"","","","",pl,n,gen
1.5,"","ἔπραξε",",","πράσσω",verb,aor,act,ind,3,sg,"",""
1.5,"","καὶ","","καί",conj,"","","","","","",""
1.5,"","οὐκ","","οὐ",ptcl,"","","","","","",""
1.5,"","ἐξελεύσεται","","ἐξέρχομαι",verb,fut,mid,ind,3,sg,"",""
1.5,"","ἐκεῖθεν",",","ἐκεῖθεν",adv,"","","","","","",""
1.5,"","μέχρις","","μέχρι",prep,"","","","","","",""
1.5,"","οὗ","","ὅς",pron,"","","","",sg,n,gen
1.5,"","ἀποδῷ","","ἀποδίδωμι",verb,aor,act,subj,3,sg,"",""
1.5,"","τὸν","","ὁ",det,"","","","",sg,m,acc
1.5,"","ἔσχατον","","ἔσχατος",adj,"","","","",sg,m,acc
1.5,"","κοδράντην",.,"κοδράντης",noun,"","","","",sg,m,acc
1.6,"","ἀλλὰ","","ἀλλά",conj,"","","","","","",""
1.6,"","καὶ","","καί",conj,"","","","","","",""
1.6,"","περὶ","","περί",prep,"","","","","","",""
1.6,"","τούτου","","οὗτος",pron,"","","","",sg,n,gen
1.6,"","δὲ","","δέ",ptcl,"","","","","","",""
1.6,"","εἴρηται","·","λέγω",verb,perf,pass,ind,3,sg,"",""
1.6,"","Ἱδρωσάτω","","ἱδρόω",verb,aor,act,impv,3,sg,"",""
1.6,"","ἡ","","ὁ",det,"","","","",sg,f,nom
1.6,"","ἐλεημοσύνη","","ἐλεημοσύνη",noun,"","","","",sg,f,nom
1.6,"","σου","","σύ",pron,"","","","",sg,"",gen
1.6,"","εἰς","","εἰς",prep,"","","","","","",""
1.6,"","τὰς","","ὁ",det,"","","","",pl,f,acc
1.6,"","χεῖράς","","χείρ",noun,"","","","",pl,f,acc
1.6,"","σου",",","σύ",pron,"","","","",sg,"",gen
1.6,"","μέχρις","","μέχρι",conj,"","","","","","",""
1.6,"","ἂν","","ἄν",ptcl,"","","","","","",""
1.6,"","γνῷς",",","γιγνώσκω",verb,aor,act,subj,2,sg,"",""
1.6,"","τίνι","","τίς",pron,"","","","",sg,"",dat
1.6,"","δῷς",.,"δίδωμι",verb,aor,act,subj,2,sg,"",""
2.1,"","Δευτέρα","","δεύτερος",adj,"","","","",sg,f,nom
2.1,"","δὲ","","δέ",ptcl,"","","","","","",""
2.1,"","ἐντολὴ","","ἐντολή",noun,"","","","",sg,f,nom
2.1,"","τῆς","","ὁ",det,"","","","",sg,f,gen
2.1,"","διδαχῆς","·","διδαχή",noun,"","","","",sg,f,gen
2.2,"","οὐ","","οὐ",ptcl,"","","","","","",""
2.2,"","φονεύσεις",",","φονεύω",verb,fut,act,ind,2,sg,"",""
2.2,"","οὐ","","οὐ",ptcl,"","","","","","",""
2.2,"","μοιχεύσεις",",","μοιχεύω",verb,fut,act,ind,2,sg,"",""
2.2,"","οὐ","","οὐ",ptcl,"","","","","","",""
2.2,"","παιδοφθορήσεις",",","παιδοφθορέω",verb,fut,act,ind,2,sg,"",""
2.2,"","οὐ","","οὐ",ptcl,"","","","","","",""
2.2,"","πορνεύσεις",",","πορνεύω",verb,fut,act,ind,2,sg,"",""
2.2,"","οὐ","","οὐ",ptcl,"","","","","","",""
2.2,"","κλέψεις",",","κλέπτω",verb,fut,act,ind,2,sg,"",""
2.2,"","οὐ","","οὐ",ptcl,"","","","","","",""
2.2,"","μαγεύσεις",",","μαγεύω",verb,fut,act,ind,2,sg,"",""
2.2,"","οὐ","","οὐ",ptcl,"","","","","","",""
2.2,"","φαρμακεύσεις",",","φαρμακεύω",verb,fut,act,ind,2,sg,"",""
2.2,"","οὐ","","οὐ",ptcl,"","","","","","",""
2.2,"","φονεύσεις","","φονεύω",verb,fut,act,ind,2,sg,"",""
2.2,"","τέκνον","","τέκνον",noun,"","","","",sg,n,acc
2.2,"","ἐν","","ἐν",prep,"","","","","","",""
2.2,"","φθορᾷ",",","φθορά",noun,"","","","",sg,f,dat
2.2,"","οὐδὲ","","οὐδέ",conj,"","","","","","",""
2.2,"","γεννηθὲν","","γεννάω",verb,aor,pass,ptcp,"",sg,n,acc
2.2,"","ἀποκτενεῖς",",","ἀποκτείνω",verb,fut,act,ind,2,sg,"",""
2.2,"","οὐκ","","οὐ",ptcl,"","","","","","",""
2.2,"","ἐπιθυμήσεις","","ἐπιθυμέω",verb,fut,act,ind,2,sg,"",""
2.2,"","τὰ","","ὁ",det,"","","","",pl,n,acc
2.2,"","τοῦ","","ὁ",det,"","","","",sg,m,gen
2.2,"","πλησίον",.,"πλησίον",adv,"","","","","","",""
2.3,"","οὐκ","","οὐ",ptcl,"","","","","","",""
2.3,"","ἐπιορκήσεις",",","ἐπιορκέω",verb,fut,act,ind,2,sg,"",""
2.3,"","οὐ","","οὐ",ptcl,"","","","","","",""
2.3,"","ψευδομαρτυρήσεις",",","ψευδομαρτυρέω",verb,fut,act,ind,2,sg,"",""
2.3,"","οὐ","","οὐ",ptcl,"","","","","","",""
2.3,"","κακολογήσεις",",","κακολογέω",verb,fut,act,ind,2,sg,"",""
2.3,"","οὐ","","οὐ",ptcl,"","","","","","",""
2.3,"","μνησικακήσεις",.,"μνησικακέω",verb,fut,act,ind,2,sg,"",""
2.4,"","οὐκ","","οὐ",ptcl,"","","","","","",""
2.4,"","ἔσῃ","","εἰμί",verb,fut,mid,ind,2,sg,"",""
2.4,"","διγνώμων","","διγνώμων",adj,"","","","",sg,m,nom
2.4,"","οὐδὲ","","οὐδέ",conj,"","","","","","",""
2.4,"","δίγλωσσος","·","δίγλωσσος",adj,"","","","",sg,m,nom
2.4,"","παγὶς","","παγίς",noun,"","","","",sg,f,nom
2.4,"","γὰρ","","γάρ",ptcl,"","","","","","",""
2.4,"","θανάτου","","θάνατος",noun,"","","","",sg,m,gen
2.4,"","ἡ","","ὁ",det,"","","","",sg,f,nom
2.4,"","διγλωσσία",.,"διγλωσσία",noun,"","","","",sg,f,nom
2.5,"","οὐκ","","οὐ",ptcl,"","","","","","",""
2.5,"","ἔσται","","εἰμί",verb,fut,mid,ind,3,sg,"",""
2.5,"","ὁ","","ὁ",det,"","","","",sg,m,nom
2.5,"","λόγος","","λόγος",noun,"","","","",sg,m,nom
2.5,"","σου","","σύ",pron,"","","","",sg,"",gen
2.5,"","ψευδής",",","ψευδής",adj,"","","","",sg,m,nom
2.5,"","οὐ","","οὐ",ptcl,"","","","","","",""
2.5,"","κενός",",","κενός",adj,"","","","",sg,m,nom
2.5,"","ἀλλὰ","","ἀλλά",conj,"","","","","","",""
2.5,"","μεμεστωμένος","","μεστόω",verb,perf,pass,ptcp,"",sg,m,nom
2.5,"","πράξει",.,"πρᾶξις",noun,"","","","",sg,f,dat
2.6,"","οὐκ","","οὐ",ptcl,"","","","","","",""
2.6,"","ἔσῃ","","εἰμί",verb,fut,mid,ind,2,sg,"",""
2.6,"","πλεονέκτης","","πλεονέκτης",noun,"","","","",sg,m,nom
2.6,"","οὐδὲ","","οὐδέ",conj,"","","","","","",""
2.6,"","ἅρπαξ","","ἅρπαξ",noun,"","","","",sg,m,nom
2.6,"","οὐδὲ","","οὐδέ",conj,"","","","","","",""
2.6,"","ὑποκριτὴς","","ὑποκριτής",noun,"","","","",sg,m,nom
2.6,"","οὐδὲ","","οὐδέ",conj,"","","","","","",""
2.6,"","κακοήθης","","κακοήθης",adj,"","","","",sg,m,nom
2.6,"","οὐδὲ","","οὐδέ",conj,"","","","","","",""
2.6,"","ὑπερήφανος",.,"ὑπερήφανος",adj,"","","","",sg,m,nom
2.6,"","οὐ","","οὐ",ptcl,"","","","","","",""
2.6,"","λήψῃ","","λαμβάνω",verb,fut,mid,ind,2,sg,"",""
2.6,"","βουλὴν","","βουλή",noun,"","","","",sg,f,acc
2.6,"","πονηρὰν","","πονηρός",adj,"","","","",sg,f,acc
2.6,"","κατὰ","","κατά",prep,"","","","","","",""
2.6,"","τοῦ","","ὁ",det,"","","","",sg,m,gen
2.6,"","πλησίον","","πλησίον",adv,"","","","","","",""
2.6,"","σου",.,"σύ",pron,"","","",2,sg,"",gen
2.7,"","οὐ","","οὐ",ptcl,"","","","","","",""
2.7,"","μισήσεις","","μισέω",verb,fut,act,ind,2,sg,"",""
2.7,"","πάντα","","πᾶς",adj,"","","","",sg,m,acc
2.7,"","ἄνθρωπον",",","ἄνθρωπος",noun,"","","","",sg,m,acc
2.7,"","ἀλλὰ","","ἀλλά",conj,"","","","","","",""
2.7,"","οὓς","","ὅς",pron,"","","","",pl,m,acc
2.7,"","μὲν","","μέν",ptcl,"","","","","","",""
2.7,"","ἐλέγξεις",",","ἐλέγχω",verb,fut,act,ind,2,sg,"",""
2.7,"","περὶ","","περί",prep,"","","","","","",""
2.7,"","δὲ","","δέ",ptcl,"","","","","","",""
2.7,"","ὧν","","ὅς",pron,"","","","",pl,m,gen
2.7,"","προσεύξῃ",",","προσεύχομαι",verb,fut,mid,ind,2,sg,"",""
2.7,"","οὓς","","ὅς",pron,"","","","",pl,m,acc
2.7,"","δὲ","","δέ",ptcl,"","","","","","",""
2.7,"","ἀγαπήσεις","","ἀγαπάω",verb,fut,act,ind,2,sg,"",""
2.7,"","ὑπὲρ","","ὑπέρ",prep,"","","","","","",""
2.7,"","τὴν","","ὁ",det,"","","","",sg,f,acc
2.7,"","ψυχήν","","ψυχή",noun,"","","","",sg,f,acc
2.7,"","σου",.,"σύ",pron,"","","","",sg,m,gen
3.1,"","Τέκνον","","τέκνον",noun,"","","","",sg,n,voc
3.1,"","μου",",","ἐγώ",pron,"","","","",sg,m,gen
3.1,"","φεῦγε","","φεύγω",verb,pres,act,impv,2,sg,"",""
3.1,"","ἀπὸ","","ἀπό",prep,"","","","","","",""
3.1,"","παντὸς","","πᾶς",adj,"","","","",sg,n,gen
3.1,"","πονηροῦ","","πονηρός",adj,"","","","",sg,n,gen
3.1,"","καὶ","","καί",conj,"","","","","","",""
3.1,"","ἀπὸ","","ἀπό",prep,"","","","","","",""
3.1,"","παντὸς","","πᾶς",adj,"","","","",sg,n,gen
3.1,"","ὁμοίου","","ὅμοιος",adj,"","","","",sg,n,gen
3.1,"","αὐτοῦ",.,"αὐτός",pron,"","","","",sg,n,gen
3.2,"","μὴ","","μή",ptcl,"","","","","","",""
3.2,"","γίνου","","γίγνομαι",verb,pres,mid,impv,2,sg,"",""
3.2,"","ὀργίλος",",","ὀργίλος",adj,"","","","",sg,m,nom
3.2,"","ὁδηγεῖ","","ὁδηγέω",verb,pres,act,ind,3,sg,"",""
3.2,"","γὰρ","","γάρ",ptcl,"","","","","","",""
3.2,"","ἡ","","ὁ",det,"","","","",sg,f,nom
3.2,"","ὀργὴ","","ὀργή",noun,"","","","",sg,f,nom
3.2,"","πρὸς","","πρός",prep,"","","","","","",""
3.2,"","τὸν","","ὁ",det,"","","","",sg,m,acc
3.2,"","φόνον",",","φόνος",noun,"","","","",sg,m,acc
3.2,"","μηδὲ","","μηδέ",conj,"","","","","","",""
3.2,"","ζηλωτὴς","","ζηλωτής",noun,"","","","",sg,m,nom
3.2,"","μηδὲ","","μηδέ",conj,"","","","","","",""
3.2,"","ἐριστικὸς","","ἐριστικός",adj,"","","","",sg,m,nom
3.2,"","μηδὲ","","μηδέ",conj,"","","","","","",""
3.2,"","θυμικός","·","θυμικός",adj,"","","","",sg,m,nom
3.2,"","ἐκ","","ἐκ",prep,"","","","","","",""
3.2,"","γὰρ","","γάρ",ptcl,"","","","","","",""
3.2,"","τούτων","","οὗτος",pron,"","","","",pl,n,gen
3.2,"","ἁπάντων","","ἅπας",adj,"","","","",pl,n,gen
3.2,"","φόνοι","","φόνος",noun,"","","","",pl,m,nom
3.2,"","γεννῶνται",.,"γεννάω",verb,pres,pass,ind,3,pl,"",""
3.3,"","τέκνον","","τέκνον",noun,"","","","",sg,n,voc
3.3,"","μου",",","ἐγώ",pron,"","","","",sg,m,gen
3.3,"","μὴ","","μή",ptcl,"","","","","","",""
3.3,"","γίνου","","γίνομαι",verb,pres,mid,impv,2,sg,"",""
3.3,"","ἐπιθυμητής",",","ἐπιθυμητής",noun,"","","","",sg,m,nom
3.3,"","ὁδηγεῖ","","ὁδηγέω",verb,pres,act,ind,3,sg,"",""
3.3,"","γὰρ","","γάρ",ptcl,"","","","","","",""
3.3,"","ἡ","","ὁ",det,"","","","",sg,f,nom
3.3,"","ἐπιθυμία","","ἐπιθυμία",noun,"","","","",sg,f,nom
3.3,"","πρὸς","","πρός",prep,"","","","","","",""
3.3,"","τὴν","","ὁ",det,"","","","",sg,f,acc
3.3,"","πορνείαν",",","πορνεία",noun,"","","","",sg,f,acc
3.3,"","μηδὲ","","μηδέ",conj,"","","","","","",""
3.3,"","αἰσχρολόγος","","αἰσχρολόγος",adj,"","","","",sg,m,nom
3.3,"","μηδὲ","","μηδέ",conj,"","","","","","",""
3.3,"","ὑψηλόφθαλμος","·","ὑψηλόφθαλμος",adj,"","","","",sg,m,nom
3.3,"","ἐκ","","ἐκ",prep,"","","","","","",""
3.3,"","γὰρ","","γάρ",ptcl,"","","","","","",""
3.3,"","τούτων","","οὗτος",pron,"","","","",pl,n,gen
3.3,"","ἁπάντων","","ἅπας",adj,"","","","",pl,n,gen
3.3,"","μοιχεῖαι","","μοιχεία",noun,"","","","",pl,f,nom
3.3,"","γεννῶνται",.,"γεννάω",verb,pres,pass,ind,3,pl,"",""
3.4,"","τέκνον","","τέκνον",noun,"","","","",sg,n,voc
3.4,"","μου",",","ἐγώ",pron,"","","","",sg,n,gen
3.4,"","μὴ","","μή",ptcl,"","","","","","",""
3.4,"","γίνου","","γίγνομαι",verb,pres,mid,impv,2,sg,"",""
3.4,"","οἰωνοσκόπος",",","οἰωνοσκόπος",noun,"","","","",sg,m,nom
3.4,"","ἐπειδὴ","","ἐπεί",conj,"","","","","","",""
3.4,"","ὁδηγεῖ","","ὁδηγέω",verb,pres,act,ind,3,sg,"",""
3.4,"","εἰς","","εἰς",prep,"","","","","","",""
3.4,"","τὴν","","ὁ",det,"","","","",sg,f,acc
3.4,"","εἰδωλολατρίαν",",","εἰδωλολατρία",noun,"","","","",sg,f,acc
3.4,"","μηδὲ","","μηδέ",conj,"","","","","","",""
3.4,"","ἐπαοιδὸς","","ἐπαοιδός",noun,"","","","",sg,m,nom
3.4,"","μηδὲ","","μηδέ",conj,"","","","","","",""
3.4,"","μαθηματικὸς","","μαθηματικός",adj,"","","","",sg,m,nom
3.4,"","μηδὲ","","μηδέ",conj,"","","","","","",""
3.4,"","περικαθαίρων",",","περικαθαίρω",verb,pres,act,ptcp,"",sg,m,nom
3.4,"","μηδὲ","","μηδέ",conj,"","","","","","",""
3.4,"","θέλε","","θέλω",verb,pres,act,impv,2,sg,"",""
3.4,"","αὐτὰ","","αὐτός",pron,"","","","",pl,n,acc
3.4,"","βλέπειν","·","βλέπω",verb,pres,act,inf,"","","",""
3.4,"","ἐκ","","ἐκ",prep,"","","","","","",""
3.4,"","γὰρ","","γάρ",ptcl,"","","","","","",""
3.4,"","τούτων","","οὗτος",pron,"","","","",pl,n,gen
3.4,"","ἁπάντων","","ἅπας",adj,"","","","",pl,n,gen
3.4,"","εἰδωλολατρία","","εἰδωλολατρία",noun,"","","","",sg,f,nom
3.4,"","γεννᾶται",.,"γεννάω",verb,pres,mid,ind,3,sg,"",""
3.5,"","τέκνον","","τέκνον",noun,"","","","",sg,n,voc
3.5,"","μου",",","ἐγώ",pron,"","","","",sg,m,gen
3.5,"","μὴ","","μή",ptcl,"","","","","","",""
3.5,"","γίνου","","γίγνομαι",verb,pres,mid,impv,2,sg,"",""
3.5,"","ψεύστης",",","ψεύστης",noun,"","","","",sg,m,nom
3.5,"","ἐπειδὴ","","ἐπεί",conj,"","","","","","",""
3.5,"","ὁδηγεῖ","","ὁδηγέω",verb,pres,act,ind,3,sg,"",""
3.5,"","τὸ","","ὁ",det,"","","","",sg,n,nom
3.5,"","ψεῦσμα","","ψεῦσμα",noun,"","","","",sg,n,nom
3.5,"","εἰς","","εἰς",prep,"","","","","","",""
3.5,"","τὴν","","ὁ",det,"","","","",sg,f,acc
3.5,"","κλοπήν",",","κλοπή",noun,"","","","",sg,f,acc
3.5,"","μηδὲ","","μηδέ",conj,"","","","","","",""
3.5,"","φιλάργυρος","","φιλάργυρος",adj,"","","","",sg,m,nom
3.5,"","μηδὲ","","μηδέ",conj,"","","","","","",""
3.5,"","κενόδοξος","·","κενόδοξος",adj,"","","","",sg,m,nom
3.5,"","ἐκ","","ἐκ",prep,"","","","","","",""
3.5,"","γὰρ","","γάρ",ptcl,"","","","","","",""
3.5,"","τούτων","","οὗτος",pron,"","","","",pl,n,gen
3.5,"","ἁπάντων","","ἅπας",adj,"","","","",pl,n,gen
3.5,"","κλοπαὶ","","κλοπή",noun,"","","","",pl,f,nom
3.5,"","γεννῶνται",.,"γεννάω",verb,pres,pass,ind,3,pl,"",""
3.6,"","τέκνον","","τέκνον",noun,"","","","",sg,n,voc
3.6,"","μου",",","ἐγώ",pron,"","","","",sg,m,gen
3.6,"","μὴ","","μή",ptcl,"","","","","","",""
3.6,"","γίνου","","γίγνομαι",verb,pres,mid,impv,2,sg,"",""
3.6,"","γόγγυσος",",","γόγγυσος",adj,"","","","",sg,m,nom
3.6,"","ἐπειδὴ","","ἐπεί",conj,"","","","","","",""
3.6,"","ὁδηγεῖ","","ὁδηγέω",verb,pres,act,ind,3,sg,"",""
3.6,"","εἰς","","εἰς",prep,"","","","","","",""
3.6,"","τὴν","","ὁ",det,"","","","",sg,f,acc
3.6,"","βλασφημίαν",",","βλασφημία",noun,"","","","",sg,f,acc
3.6,"","μηδὲ","","μηδέ",conj,"","","","","","",""
3.6,"","αὐθάδης","","αὐθάδης",adj,"","","","",sg,m,nom
3.6,"","μηδὲ","","μηδέ",conj,"","","","","","",""
3.6,"","πονηρόφρων","·","πονηρόφρων",adj,"","","","",sg,m,nom
3.6,"","ἐκ","","ἐκ",prep,"","","","","","",""
3.6,"","γὰρ","","γάρ",ptcl,"","","","","","",""
3.6,"","τούτων","","οὗτος",pron,"","","","",pl,n,gen
3.6,"","ἁπάντων","","ἅπας",adj,"","","","",pl,n,gen
3.6,"","βλασφημίαι","","βλασφημία",noun,"","","","",pl,f,nom
3.6,"","γεννῶνται",.,"γεννάω",verb,pres,pass,ind,3,pl,"",""
3.7,"","ἴσθι","","εἰμί",verb,pres,act,impv,2,sg,"",""
3.7,"","δὲ","","δέ",ptcl,"","","","","","",""
3.7,"","πραΰς",",","πραΰς",adj,"","","","",sg,m,nom
3.7,"","ἐπεὶ","","ἐπεί",conj,"","","","","","",""
3.7,"","οἱ","","ὁ",det,"","","","",pl,m,nom
3.7,"","πραεῖς","","πραΰς",adj,"","","","",pl,m,nom
3.7,"","κληρονομήσουσι","","κληρονομέω",verb,fut,act,ind,3,pl,"",""
3.7,"","τὴν","","ὁ",det,"","","","",sg,f,acc
3.7,"","γῆν",.,"γῆ",noun,"","","","",sg,f,acc
3.8,"","γίνου","","γίνομαι",verb,pres,mid,impv,2,sg,"",""
3.8,"","μακρόθυμος","","μακρόθυμος",adj,"","","","",sg,m,nom
3.8,"","καὶ","","καί",conj,"","","","","","",""
3.8,"","ἐλεήμων","","ἐλεήμων",adj,"","","","",sg,m,nom
3.8,"","καὶ","","καί",conj,"","","","","","",""
3.8,"","ἄκακος","","ἄκακος",adj,"","","","",sg,m,nom
3.8,"","καὶ","","καί",conj,"","","","","","",""
3.8,"","ἡσύχιος","","ἡσύχιος",adj,"","","","",sg,m,nom
3.8,"","καὶ","","καί",conj,"","","","","","",""
3.8,"","ἀγαθὸς","","ἀγαθός",adj,"","","","",sg,m,nom
3.8,"","καὶ","","καί",conj,"","","","","","",""
3.8,"","τρέμων","","τρέμω",verb,pres,act,ptcp,"",sg,m,nom
3.8,"","τοὺς","","ὁ",det,"","","","",pl,m,acc
3.8,"","λόγους","","λόγος",noun,"","","","",pl,m,acc
3.8,"","διὰ","","διά",prep,"","","","","","",""
3.8,"","παντός",",","πᾶς",adj,"","","","",sg,n,gen
3.8,"","οὓς","","ὅς",pron,"","","","",pl,m,acc
3.8,"","ἤκουσας",.,"ἀκούω",verb,aor,act,ind,2,sg,"",""
3.9,"","οὐχ","","οὐ",ptcl,"","","","","","",""
3.9,"","ὑψώσεις","","ὑψόω",verb,fut,act,ind,2,sg,"",""
3.9,"","σεαυτὸν","","σεαυτοῦ",pron,"","","","",sg,m,acc
3.9,"","οὐδὲ","","οὐδέ",conj,"","","","","","",""
3.9,"","δώσεις","","δίδωμι",verb,fut,act,ind,2,sg,"",""
3.9,"","τῇ","","ὁ",det,"","","","",sg,f,dat
3.9,"","ψυχῇ","","ψυχή",noun,"","","","",sg,f,dat
3.9,"","σου","","σύ",pron,"","","","",sg,"",gen
3.9,"","θράσος",.,"θράσος",noun,"","","","",sg,n,acc
3.9,"","οὐ","","οὐ",ptcl,"","","","","","",""
3.9,"","κολληθήσεται","","κολλάω",verb,fut,pass,ind,3,sg,"",""
3.9,"","ἡ","","ὁ",det,"","","","",sg,f,nom
3.9,"","ψυχή","","ψυχή",noun,"","","","",sg,f,nom
3.9,"","σου","","σύ",pron,"","","","",sg,"",gen
3.9,"","μετὰ","","μετά",prep,"","","","","","",""
3.9,"","ὑψηλῶν",",","ὑψηλός",adj,"","","","",pl,m,gen
3.9,"","ἀλλὰ","","ἀλλά",conj,"","","","","","",""
3.9,"","μετὰ","","μετά",prep,"","","","","","",""
3.9,"","δικαίων","","δίκαιος",adj,"","","","",pl,m,gen
3.9,"","καὶ","","καί",conj,"","","","","","",""
3.9,"","ταπεινῶν","","ταπεινός",adj,"","","","",pl,m,gen
3.9,"","ἀναστραφήσῃ",.,"ἀναστρέφω",verb,fut,pass,ind,2,sg,"",""
3.10,"","τὰ","","ὁ",det,"","","","",pl,n,acc
3.10,"","συμβαίνοντά","","συμβαίνω",verb,pres,act,ptcp,"",pl,n,acc
3.10,"","σοι","","σύ",pron,"","","","",sg,"",dat
3.10,"","ἐνεργήματα","","ἐνέργημα",noun,"","","","",pl,n,acc
3.10,"","ὡς","","ὡς",conj,"","","","","","",""
3.10,"","ἀγαθὰ","","ἀγαθός",adj,"","","","",pl,n,acc
3.10,"","προσδέξῃ",",","προσδέχομαι",verb,fut,mid,ind,2,sg,"",""
3.10,"","εἰδὼς","","οἶδα",verb,perf,act,ptcp,"",sg,m,nom
3.10,"","ὅτι","","ὅτι",conj,"","","","","","",""
3.10,"","ἄτερ","","ἄτερ",prep,"","","","","","",""
3.10,"","θεοῦ","","θεός",noun,"","","","",sg,m,gen
3.10,"","οὐδὲν","","οὐδείς",adj,"","","","",sg,n,nom
3.10,"","γίνεται",.,"γίγνομαι",verb,pres,mid,ind,3,sg,"",""
4.1,"","Τέκνον","","τέκνον",noun,"","","","",sg,n,voc
4.1,"","μου",",","ἐγώ",pron,"","","","",sg,n,gen
4.1,"","τοῦ","","ὁ",det,"","","","",sg,m,gen
4.1,"","λαλοῦντός","","λαλέω",verb,pres,act,ptcp,"",sg,m,gen
4.1,"","σοι","","σύ",pron,"","","","",sg,"",dat
4.1,"","τὸν","","ὁ",det,"","","","",sg,m,acc
4.1,"","λόγον","","λόγος",noun,"","","","",sg,m,acc
4.1,"","τοῦ","","ὁ",det,"","","","",sg,m,gen
4.1,"","θεοῦ","","θεός",noun,"","","","",sg,m,gen
4.1,"","μνησθήσῃ","","μιμνήσκω",verb,fut,pass,ind,2,sg,"",""
4.1,"","νυκτὸς","","νύξ",noun,"","","","",sg,f,gen
4.1,"","καὶ","","καί",conj,"","","","","","",""
4.1,"","ἡμέρας",",","ἡμέρα",noun,"","","","",sg,f,gen
4.1,"","τιμήσεις","","τιμάω",verb,fut,act,ind,2,sg,"",""
4.1,"","δὲ","","δέ",ptcl,"","","","","","",""
4.1,"","αὐτὸν","","αὐτός",pron,"","","","",sg,m,acc
4.1,"","ὡς","","ὡς",adv,"","","","","","",""
4.1,"","κύριον","·","κύριος",noun,"","","","",sg,m,acc
4.1,"","ὅθεν","","ὅθεν",adv,"","","","","","",""
4.1,"","γὰρ","","γάρ",ptcl,"","","","","","",""
4.1,"","ἡ","","ὁ",det,"","","","",sg,f,nom
4.1,"","κυριότης","","κυριότης",noun,"","","","",sg,f,nom
4.1,"","λαλεῖται",",","λαλέω",verb,pres,pass,ind,3,sg,"",""
4.1,"","ἐκεῖ","","ἐκεῖ",adv,"","","","","","",""
4.1,"","κύριός","","κύριος",noun,"","","","",sg,m,nom
4.1,"","ἐστιν",.,"εἰμί",verb,pres,act,ind,3,sg,"",""
4.2,"","ἐκζητήσεις","","ἐκζητέω",verb,fut,act,ind,2,sg,"",""
4.2,"","δὲ","","δέ",ptcl,"","","","","","",""
4.2,"","καθ’","","κατά",prep,"","","","","","",""
4.2,"","ἡμέραν","","ἡμέρα",noun,"","","","",sg,f,acc
4.2,"","τὰ","","ὁ",det,"","","","",pl,n,acc
4.2,"","πρόσωπα","","πρόσωπον",noun,"","","","",pl,n,acc
4.2,"","τῶν","","ὁ",det,"","","","",pl,m,gen
4.2,"","ἁγίων",",","ἅγιος",adj,"","","","",pl,m,gen
4.2,"","ἵνα","","ἵνα",conj,"","","","","","",""
4.2,"","ἐπαναπαῇς","","ἐπαναπαύω",verb,aor,pass,subj,2,sg,"",""
4.2,"","τοῖς","","ὁ",det,"","","","",pl,m,dat
4.2,"","λόγοις","","λόγος",noun,"","","","",pl,m,dat
4.2,"","αὐτῶν",.,"αὐτός",pron,"","","","",pl,m,gen
4.3,"","οὐ","","οὐ",ptcl,"","","","","","",""
4.3,"","ποθήσεις","","ποθέω",verb,fut,act,ind,2,sg,"",""
4.3,"","σχίσμα",",","σχίσμα",noun,"","","","",sg,n,acc
4.3,"","εἰρηνεύσεις","","εἰρηνεύω",verb,fut,act,ind,2,sg,"",""
4.3,"","δὲ","","δέ",conj,"","","","","","",""
4.3,"","μαχομένους","·","μάχομαι",verb,pres,mid,ptcp,"",pl,m,acc
4.3,"","κρινεῖς","","κρίνω",verb,fut,act,ind,2,sg,"",""
4.3,"","δικαίως",",","δίκαιος",adv,"","","","","","",""
4.3,"","οὐ","","οὐ",ptcl,"","","","","","",""
4.3,"","λήψῃ","","λαμβάνω",verb,fut,mid,ind,2,sg,"",""
4.3,"","πρόσωπον","","πρόσωπον",noun,"","","","",sg,n,acc
4.3,"","ἐλέγξαι","","ἐλέγχω",verb,aor,act,inf,"","","",""
4.3,"","ἐπὶ","","ἐπί",prep,"","","","","","",""
4.3,"","παραπτώμασιν",.,"παράπτωμα",noun,"","","","",pl,n,dat
4.4,"","οὐ","","οὐ",ptcl,"","","","","","",""
4.4,"","διψυχήσεις",",","διψυχέω",verb,fut,act,ind,2,sg,"",""
4.4,"","πότερον","","πότερος",pron,"","","","","","",""
4.4,"","ἔσται","","εἰμί",verb,fut,mid,ind,3,sg,"",""
4.4,"","ἢ","","ἤ",conj,"","","","","","",""
4.4,"","οὔ",.,"οὐ",ptcl,"","","","","","",""
4.5,"","Μὴ","","μή",ptcl,"","","","","","",""
4.5,"","γίνου","","γίγνομαι",verb,pres,mid,impv,2,sg,"",""
4.5,"","πρὸς","","πρός",prep,"","","","","","",""
4.5,"","μὲν","","μέν",ptcl,"","","","","","",""
4.5,"","τὸ","","ὁ",det,"","","","",sg,n,acc
4.5,"","λαβεῖν","","λαμβάνω",verb,aor,act,inf,"","","",""
4.5,"","ἐκτείνων","","ἐκτείνω",verb,pres,act,ptcp,"",sg,m,nom
4.5,"","τὰς","","ὁ",det,"","","","",pl,f,acc
4.5,"","χεῖρας",",","χείρ",noun,"","","","",pl,f,acc
4.5,"","πρὸς","","πρός",prep,"","","","","","",""
4.5,"","δὲ","","δέ",ptcl,"","","","","","",""
4.5,"","τὸ","","ὁ",det,"","","","",sg,n,acc
4.5,"","δοῦναι","","δίδωμι",verb,aor,act,inf,"","","",""
4.5,"","συσπῶν",.,"συσπάω",verb,pres,act,ptcp,"",sg,m,nom
4.6,"","ἐὰν","","ἐάν",conj,"","","","","","",""
4.6,"","ἔχῃς","","ἔχω",verb,pres,act,subj,2,sg,"",""
4.6,"","διὰ","","διά",prep,"","","","","","",""
4.6,"","τῶν","","ὁ",det,"","","","",pl,f,gen
4.6,"","χειρῶν","","χείρ",noun,"","","","",pl,f,gen
4.6,"","σου",",","σύ",pron,"","","","",sg,"",gen
4.6,"","δώσεις","","δίδωμι",verb,fut,act,ind,2,sg,"",""
4.6,"","λύτρωσιν","","λύτρωσις",noun,"","","","",sg,f,acc
4.6,"","ἁμαρτιῶν","","ἁμαρτία",noun,"","","","",pl,f,gen
4.6,"","σου",.,"σύ",pron,"","","","",sg,"",gen
4.7,"","οὐ","","οὐ",ptcl,"","","","","","",""
4.7,"","διστάσεις","","διστάζω",verb,fut,act,ind,2,sg,"",""
4.7,"","δοῦναι","","δίδωμι",verb,aor,act,inf,"","","",""
4.7,"","οὐδὲ","","οὐδέ",conj,"","","","","","",""
4.7,"","διδοὺς","","δίδωμι",verb,pres,act,ptcp,"",sg,m,nom
4.7,"","γογγύσεις","·","γογγύζω",verb,fut,act,ind,2,sg,"",""
4.7,"","γνώσῃ","","γιγνώσκω",verb,fut,mid,ind,2,sg,"",""
4.7,"","γάρ",",","γάρ",ptcl,"","","","","","",""
4.7,"","τίς","","τίς",pron,"","","","",sg,m,nom
4.7,"","ἐστιν","","εἰμί",verb,pres,act,ind,3,sg,"",""
4.7,"","ὁ","","ὁ",det,"","","","",sg,m,nom
4.7,"","τοῦ","","ὁ",det,"","","","",sg,m,gen
4.7,"","μισθοῦ","","μισθός",noun,"","","","",sg,m,gen
4.7,"","καλὸς","","καλός",adj,"","","","",sg,m,nom
4.7,"","ἀνταποδότης",.,"ἀνταποδότης",noun,"","","","",sg,m,nom
4.8,"","οὐκ","","οὐ",ptcl,"","","","","","",""
4.8,"","ἀποστραφήσῃ","","ἀποστρέφω",verb,fut,mid,ind,2,sg,"",""
4.8,"","τὸν","","ὁ",det,"","","","",sg,m,acc
4.8,"","ἐνδεόμενον",",","ἐνδέομαι",verb,pres,mid,ptcp,"",sg,m,acc
4.8,"","συγκοινωνήσεις","","συγκοινωνέω",verb,fut,act,ind,2,sg,"",""
4.8,"","δὲ","","δέ",conj,"","","","","","",""
4.8,"","πάντα","","πᾶς",adj,"","","","",pl,n,acc
4.8,"","τῷ","","ὁ",det,"","","","",sg,m,dat
4.8,"","ἀδελφῷ","","ἀδελφός",noun,"","","","",sg,m,dat
4.8,"","σοῦ","","σύ",pron,"","","","",sg,m,gen
4.8,"","καὶ","","καί",conj,"","","","","","",""
4.8,"","οὐκ","","οὐ",ptcl,"","","","","","",""
4.8,"","ἐρεῖς","","λέγω",verb,fut,act,ind,2,sg,"",""
4.8,"","ἴδια","","ἴδιος",adj,"","","","",pl,n,acc
4.8,"","εἶναι","·","εἰμί",verb,pres,act,inf,"","","",""
4.8,"","εἰ","","εἰ",conj,"","","","","","",""
4.8,"","γὰρ","","γάρ",ptcl,"","","","","","",""
4.8,"","ἐν","","ἐν",prep,"","","","","","",""
4.8,"","τῷ","","ὁ",det,"","","","",sg,n,dat
4.8,"","ἀθανάτῳ","","ἀθάνατος",adj,"","","","",sg,n,dat
4.8,"","κοινωνοί","","κοινωνός",noun,"","","","",pl,m,nom
4.8,"","ἐστε",",","εἰμί",verb,pres,act,ind,2,pl,"",""
4.8,"","πόσῳ","","πόσος",adj,"","","","",sg,n,dat
4.8,"","μᾶλλον","","μᾶλλον",adv,"","","","","","",""
4.8,"","ἐν","","ἐν",prep,"","","","","","",""
4.8,"","τοῖς","","ὁ",det,"","","","",pl,n,dat
4.8,"","θνητοῖς",;,"θνητός",adj,"","","","",pl,n,dat
4.9,"","Οὐκ","","οὐ",ptcl,"","","","","","",""
4.9,"","ἀρεῖς","","αἴρω",verb,fut,act,ind,2,sg,"",""
4.9,"","τὴν","","ὁ",det,"","","","",sg,f,acc
4.9,"","χεῖρά","","χείρ",noun,"","","","",sg,f,acc
4.9,"","σου","","σύ",pron,"","","","",sg,f,gen
4.9,"","ἀπὸ","","ἀπό",prep,"","","","","","",""
4.9,"","τοῦ","","ὁ",det,"","","","",sg,m,gen
4.9,"","υἱοῦ","","υἱός",noun,"","","","",sg,m,gen
4.9,"","σου","","σύ",pron,"","","","",sg,m,gen
4.9,"","ἢ","","ἤ",conj,"","","","","","",""
4.9,"","ἀπὸ","","ἀπό",prep,"","","","","","",""
4.9,"","τῆς","","ὁ",det,"","","","",sg,f,gen
4.9,"","θυγατρός","","θυγάτηρ",noun,"","","","",sg,f,gen
4.9,"","σου",",","σύ",pron,"","","","",sg,f,gen
4.9,"","ἀλλὰ","","ἀλλά",conj,"","","","","","",""
4.9,"","ἀπὸ","","ἀπό",prep,"","","","","","",""
4.9,"","νεότητος","","νεότης",noun,"","","","",sg,f,gen
4.9,"","διδάξεις","","διδάσκω",verb,fut,act,ind,2,sg,"",""
4.9,"","τὸν","","ὁ",det,"","","","",sg,m,acc
4.9,"","φόβον","","φόβος",noun,"","","","",sg,m,acc
4.9,"","τοῦ","","ὁ",det,"","","","",sg,m,gen
4.9,"","θεοῦ",.,"θεός",noun,"","","","",sg,m,gen
4.10,"","οὐκ","","οὐ",ptcl,"","","","","","",""
4.10,"","ἐπιτάξεις","","ἐπιτάσσω",verb,fut,act,ind,2,sg,"",""
4.10,"","δούλῳ","","δοῦλος",noun,"","","","",sg,m,dat
4.10,"","σου","","σύ",pron,"","","","",sg,"",gen
4.10,"","ἢ","","ἤ",conj,"","","","","","",""
4.10,"","παιδίσκῃ",",","παιδίσκη",noun,"","","","",sg,f,dat
4.10,"","τοῖς","","ὁ",det,"","","","",pl,m,dat
4.10,"","ἐπὶ","","ἐπί",prep,"","","","","","",""
4.10,"","τὸν","","ὁ",det,"","","","",sg,m,acc
4.10,"","αὐτὸν","","αὐτός",adj,"","","","",sg,m,acc
4.10,"","θεὸν","","θεός",noun,"","","","",sg,m,acc
4.10,"","ἐλπίζουσιν",",","ἐλπίζω",verb,pres,act,ptcp,"",pl,m,dat
4.10,"","ἐν","","ἐν",prep,"","","","","","",""
4.10,"","πικρίᾳ","","πικρία",noun,"","","","",sg,f,dat
4.10,"","σου",",","σύ",pron,"","","","",sg,"",gen
4.10,"","μήποτε","","μήποτε",conj,"","","","","","",""
4.10,"","οὐ","","οὐ",ptcl,"","","","","","",""
4.10,"","μὴ","","μή",ptcl,"","","","","","",""
4.10,"","φοβηθήσονται","","φοβέω",verb,fut,pass,ind,3,pl,"",""
4.10,"","τὸν","","ὁ",det,"","","","",sg,m,acc
4.10,"","ἐπ’","","ἐπί",prep,"","","","","","",""
4.10,"","ἀμφοτέροις","","ἀμφότερος",adj,"","","","",pl,m,dat
4.10,"","θεόν","·","θεός",noun,"","","","",sg,m,acc
4.10,"","οὐ","","οὐ",ptcl,"","","","","","",""
4.10,"","γὰρ","","γάρ",ptcl,"","","","","","",""
4.10,"","ἔρχεται","","ἔρχομαι",verb,pres,mid,ind,3,sg,"",""
4.10,"","κατὰ","","κατά",prep,"","","","","","",""
4.10,"","πρόσωπον","","πρόσωπον",noun,"","","","",sg,n,acc
4.10,"","καλέσαι",",","καλέω",verb,aor,act,inf,"","","",""
4.10,"","ἀλλ’","","ἀλλά",conj,"","","","","","",""
4.10,"","ἐφ’","","ἐπί",prep,"","","","","","",""
4.10,"","οὓς","","ὅς",pron,"","","","",pl,m,acc
4.10,"","τὸ","","ὁ",det,"","","","",sg,n,nom
4.10,"","πνεῦμα","","πνεῦμα",noun,"","","","",sg,n,nom
4.10,"","ἡτοίμασεν",.,"ἑτοιμάζω",verb,aor,act,ind,3,sg,"",""
4.11,"","ὑμεῖς","","σύ",pron,"","","","",pl,"",nom
4.11,"","δὲ","","δέ",conj,"","","","","","",""
4.11,"","οἱ","","ὁ",det,"","","","",pl,m,nom
4.11,"","δοῦλοι","","δοῦλος",noun,"","","","",pl,m,nom
4.11,"","ὑποταγήσεσθε","","ὑποτάσσω",verb,fut,pass,ind,2,pl,"",""
4.11,"","τοῖς","","ὁ",det,"","","","",pl,m,dat
4.11,"","κυρίοις","","κύριος",noun,"","","","",pl,m,dat
4.11,"","ὑμῶν","","σύ",pron,"","","","",pl,"",gen
4.11,"","ὡς","","ὡς",conj,"","","","","","",""
4.11,"","τύπῳ","","τύπος",noun,"","","","",sg,m,dat
4.11,"","θεοῦ","","θεός",noun,"","","","",sg,m,gen
4.11,"","ἐν","","ἐν",prep,"","","","","","",""
4.11,"","αἰσχύνῃ","","αἰσχύνη",noun,"","","","",sg,f,dat
4.11,"","καὶ","","καί",conj,"","","","","","",""
4.11,"","φόβῳ",.,"φόβος",noun,"","","","",sg,m,dat
4.12,"","Μισήσεις","","μισέω",verb,fut,act,ind,2,sg,"",""
4.12,"","πᾶσαν","","πᾶς",adj,"","","","",sg,f,acc
4.12,"","ὑπόκρισιν","","ὑπόκρισις",noun,"","","","",sg,f,acc
4.12,"","καὶ","","καί",conj,"","","","","","",""
4.12,"","πᾶν","","πᾶς",adj,"","","","",sg,n,acc
4.12,"","ὃ","","ὅς",pron,"","","","",sg,n,acc
4.12,"","μὴ","","μή",ptcl,"","","","","","",""
4.12,"","ἀρεστὸν","","ἀρεστός",adj,"","","","",sg,n,acc
4.12,"","τῷ","","ὁ",det,"","","","",sg,m,dat
4.12,"","κυρίῳ",.,"κύριος",noun,"","","","",sg,m,dat
4.13,"","οὐ","","οὐ",ptcl,"","","","","","",""
4.13,"","μὴ","","μή",ptcl,"","","","","","",""
4.13,"","ἐγκαταλίπῃς","","ἐγκαταλείπω",verb,aor,act,subj,2,sg,"",""
4.13,"","ἐντολὰς","","ἐντολή",noun,"","","","",pl,f,acc
4.13,"","κυρίου",",","κύριος",noun,"","","","",sg,m,gen
4.13,"","φυλάξεις","","φυλάσσω",verb,fut,act,ind,2,sg,"",""
4.13,"","δὲ","","δέ",conj,"","","","","","",""
4.13,"","ἃ","","ὅς",pron,"","","","",pl,n,acc
4.13,"","παρέλαβες",",","παραλαμβάνω",verb,aor,act,ind,2,sg,"",""
4.13,"","μήτε","","μήτε",conj,"","","","","","",""
4.13,"","προστιθεὶς","","προστίθημι",verb,pres,act,ptcp,"",sg,m,nom
4.13,"","μήτε","","μήτε",conj,"","","","","","",""
4.13,"","ἀφαιρῶν",.,"ἀφαιρέω",verb,pres,act,ptcp,"",sg,m,nom
4.14,"","ἐν","","ἐν",prep,"","","","","","",""
4.14,"","ἐκκλησίᾳ","","ἐκκλησία",noun,"","","","",sg,f,dat
4.14,"","ἐξομολογήσῃ","","ἐξομολογέω",verb,aor,mid,subj,2,sg,"",""
4.14,"","τὰ","","ὁ",det,"","","","",pl,n,acc
4.14,"","παραπτώματά","","παράπτωμα",noun,"","","","",pl,n,acc
4.14,"","σου",",","σύ",pron,"","","","",sg,"",gen
4.14,"","καὶ","","καί",conj,"","","","","","",""
4.14,"","οὐ","","οὐ",ptcl,"","","","","","",""
4.14,"","προσελεύσῃ","","προσέρχομαι",verb,fut,mid,ind,2,sg,"",""
4.14,"","ἐπὶ","","ἐπί",prep,"","","","","","",""
4.14,"","προσευχήν","","προσευχή",noun,"","","","",sg,f,acc
4.14,"","σου","","σύ",pron,"","","","",sg,"",gen
4.14,"","ἐν","","ἐν",prep,"","","","","","",""
4.14,"","συνειδήσει","","συνείδησις",noun,"","","","",sg,f,dat
4.14,"","πονηρᾷ","·","πονηρός",adj,"","","","",sg,f,dat
4.14,"","αὕτη","","οὗτος",pron,"","","","",sg,f,nom
4.14,"","ἐστὶν","","εἰμί",verb,pres,act,ind,3,sg,"",""
4.14,"","ἡ","","ὁ",det,"","","","",sg,f,nom
4.14,"","ὁδὸς","","ὁδός",noun,"","","","",sg,f,nom
4.14,"","τῆς","","ὁ",det,"","","","",sg,f,gen
4.14,"","ζωῆς",.,"ζωή",noun,"","","","",sg,f,gen
5.1,"","Ἡ","","ὁ",det,"","","","",sg,f,nom
5.1,"","δὲ","","δέ",ptcl,"","","","","","",""
5.1,"","τοῦ","","ὁ",det,"","","","",sg,m,gen
5.1,"","θανάτου","","θάνατος",noun,"","","","",sg,m,gen
5.1,"","ὁδός","","ὁδός",noun,"","","","",sg,f,nom
5.1,"","ἐστιν","","εἰμί",verb,pres,act,ind,3,sg,"",""
5.1,"","αὕτη","·","οὗτος",pron,"","","","",sg,f,nom
5.1,"","πρῶτον","","πρῶτος",adj,"","","","",sg,n,acc
5.1,"","πάντων","","πᾶς",adj,"","","","",pl,n,gen
5.1,"","πονηρά","","πονηρός",adj,"","","","",sg,f,nom
5.1,"","ἐστι","","εἰμί",verb,pres,act,ind,3,sg,"",""
5.1,"","καὶ","","καί",conj,"","","","","","",""
5.1,"","κατάρας","","κατάρα",noun,"","","","",sg,f,gen
5.1,"","μεστή","·","μεστός",adj,"","","","",sg,f,nom
5.1,"","φόνοι",",","φόνος",noun,"","","","",pl,m,nom
5.1,"","μοιχεῖαι",",","μοιχεία",noun,"","","","",pl,f,nom
5.1,"","ἐπιθυμίαι",",","ἐπιθυμία",noun,"","","","",pl,f,nom
5.1,"","πορνεῖαι",",","πορνεία",noun,"","","","",pl,f,nom
5.1,"","κλοπαί",",","κλοπή",noun,"","","","",pl,f,nom
5.1,"","εἰδωλολατρίαι",",","εἰδωλολατρία",noun,"","","","",pl,f,nom
5.1,"","μαγεῖαι",",","μαγεία",noun,"","","","",pl,f,nom
5.1,"","φαρμακίαι",",","φαρμακεία",noun,"","","","",pl,f,nom
5.1,"","ἁρπαγαί",",","ἁρπαγή",noun,"","","","",pl,f,nom
5.1,"","ψευδομαρτυρίαι",",","ψευδομαρτυρία",noun,"","","","",pl,f,nom
5.1,"","ὑποκρίσεις",",","ὑπόκρισις",noun,"","","","",pl,f,nom
5.1,"","διπλοκαρδία",",","διπλοκαρδία",noun,"","","","",sg,f,nom
5.1,"","δόλος",",","δόλος",noun,"","","","",sg,m,nom
5.1,"","ὑπερηφανία",",","ὑπερηφανία",noun,"","","","",sg,f,nom
5.1,"","κακία",",","κακία",noun,"","","","",sg,f,nom
5.1,"","αὐθάδεια",",","αὐθάδεια",noun,"","","","",sg,f,nom
5.1,"","πλεονεξία",",","πλεονεξία",noun,"","","","",sg,f,nom
5.1,"","αἰσχρολογία",",","αἰσχρολογία",noun,"","","","",sg,f,nom
5.1,"","ζηλοτυπία",",","ζηλοτυπία",noun,"","","","",sg,f,nom
5.1,"","θρασύτης",",","θρασύτης",noun,"","","","",sg,f,nom
5.1,"","ὕψος",",","ὕψος",noun,"","","","",sg,n,nom
5.1,"","ἀλαζονεία",.,"ἀλαζονεία",noun,"","","","",sg,f,nom
5.2,"","διῶκται","","διώκτης",noun,"","","","",pl,m,nom
5.2,"","ἀγαθῶν",",","ἀγαθός",noun,"","","","",pl,n,gen
5.2,"","μισοῦντες","","μισέω",verb,pres,act,ptcp,"",pl,m,nom
5.2,"","ἀλήθειαν",",","ἀλήθεια",noun,"","","","",sg,f,acc
5.2,"","ἀγαπῶντες","","ἀγαπάω",verb,pres,act,ptcp,"",pl,m,nom
5.2,"","ψεῦδος",",","ψεῦδος",noun,"","","","",sg,n,acc
5.2,"","οὐ","","οὐ",ptcl,"","","","","","",""
5.2,"","γινώσκοντες","","γιγνώσκω",verb,pres,act,ptcp,"",pl,m,nom
5.2,"","μισθὸν","","μισθός",noun,"","","","",sg,m,acc
5.2,"","δικαιοσύνης",",","δικαιοσύνη",noun,"","","","",sg,f,gen
5.2,"","οὐ","","οὐ",ptcl,"","","","","","",""
5.2,"","κολλώμενοι","","κολλάω",verb,pres,mid,ptcp,"",pl,m,nom
5.2,"","ἀγαθῷ","","ἀγαθός",noun,"","","","",sg,n,dat
5.2,"","οὐδὲ","","οὐδέ",conj,"","","","","","",""
5.2,"","κρίσει","","κρίσις",noun,"","","","",sg,f,dat
5.2,"","δικαίᾳ",",","δίκαιος",adj,"","","","",sg,f,dat
5.2,"","ἀγρυπνοῦντες","","ἀγρυπνέω",verb,pres,act,ptcp,"",pl,m,nom
5.2,"","οὐκ","","οὐ",ptcl,"","","","","","",""
5.2,"","εἰς","","εἰς",prep,"","","","","","",""
5.2,"","τὸ","","ὁ",det,"","","","",sg,n,acc
5.2,"","ἀγαθόν",",","ἀγαθός",noun,"","","","",sg,n,acc
5.2,"","ἀλλ’","","ἀλλά",conj,"","","","","","",""
5.2,"","εἰς","","εἰς",prep,"","","","","","",""
5.2,"","τὸ","","ὁ",det,"","","","",sg,n,acc
5.2,"","πονηρόν","·","πονηρός",noun,"","","","",sg,n,acc
5.2,"","ὧν","","ὅς",pron,"","","","",pl,n,gen
5.2,"","μακρὰν","","μακράν",adv,"","","","","","",""
5.2,"","πραΰτης","","πραότης",noun,"","","","",sg,f,nom
5.2,"","καὶ","","καί",conj,"","","","","","",""
5.2,"","ὑπομονή",",","ὑπομονή",noun,"","","","",sg,f,nom
5.2,"","μάταια","","μάταιος",adj,"","","","",pl,f,nom
5.2,"","ἀγαπῶντες",",","ἀγαπάω",verb,pres,act,ptcp,"",pl,m,nom
5.2,"","διώκοντες","","διώκω",verb,pres,act,ptcp,"",pl,m,nom
5.2,"","ἀνταπόδομα",",","ἀνταπόδομα",noun,"","","","",sg,n,acc
5.2,"","οὐκ","","οὐ",adv,"","","","","","",""
5.2,"","ἐλεοῦντες","","ἐλεέω",verb,pres,act,ptcp,"",pl,m,nom
5.2,"","πτωχόν",",","πτωχός",noun,"","","","",sg,m,acc
5.2,"","οὐ","","οὐ",adv,"","","","","","",""
5.2,"","πονοῦντες","","πονέω",verb,pres,act,ptcp,"",pl,m,nom
5.2,"","ἐπὶ","","ἐπί",prep,"","","","","","",""
5.2,"","καταπονουμένῳ",",","καταπονέω","",pres,midpass,ptcp,"",sg,m,dat
5.2,"","οὐ","","οὐ",ptcl,"","","","","","",""
5.2,"","γινώσκοντες","","γιγνώσκω",verb,pres,act,ptcp,"",pl,m,nom
5.2,"","τὸν","","ὁ",det,"","","","",sg,m,acc
5.2,"","ποιήσαντα","","ποιέω",verb,aor,act,ptcp,"",sg,m,acc
5.2,"","αὐτούς",",","αὐτός",pron,"","","","",pl,m,acc
5.2,"","φονεῖς","","φονεύς",noun,"","","","",pl,m,nom
5.2,"","τέκνων",",","τέκνον",noun,"","","","",pl,n,gen
5.2,"","φθορεῖς","","φθορεύς",noun,"","","","",pl,m,nom
5.2,"","πλάσματος","","πλάσμα",noun,"","","","",sg,n,gen
5.2,"","θεοῦ",",","θεός",noun,"","","","",sg,m,gen
5.2,"","ἀποστρεφόμενοι","","ἀποστρέφω",verb,pres,mid,ptcp,"",pl,m,nom
5.2,"","τὸν","","ὁ",det,"","","","",sg,m,acc
5.2,"","ἐνδεόμενον",",","ἐνδεής",adj,"","","","",sg,m,acc
5.2,"","καταπονοῦντες","","καταπονέω",verb,pres,act,ptcp,"",pl,m,nom
5.2,"","τὸν","","ὁ",det,"","","","",sg,m,acc
5.2,"","θλιβόμενον",",","θλιβόμενος",verb,pres,midpass,ptcp,"",sg,m,nom
5.2,"","πλουσίων","","πλούσιος",noun,"","","","",pl,m,gen
5.2,"","παράκλητοι",",","παράκλητος",noun,"","","","",pl,m,nom
5.2,"","πενήτων","","πένης",noun,"","","","",pl,m,gen
5.2,"","ἄνομοι","","ἄνομος",adj,"","","","",pl,m,nom
5.2,"","κριταί",",","κριτής",noun,"","","","",pl,m,nom
5.2,"","πανθαμάρτητοι","·","πανθάμαρτητος",adj,"","","","",pl,m,nom
5.2,"","ῥυσθείητε",",","ῥύομαι",verb,aor,pass,opt,2,pl,"",""
5.2,"","τέκνα",",","τέκνον",noun,"","","","",pl,n,voc
5.2,"","ἀπὸ","","ἀπό",prep,"","","","","","",""
5.2,"","τούτων","","οὗτος",pron,"","","","",pl,n,gen
5.2,"","ἁπάντων",.,"ἅπας",adj,"","","","",pl,n,gen
6.1,"","Ὅρα",",","ὁράω",verb,pres,act,impv,2,sg,"",""
6.1,"","μή","","μή",ptcl,"","","","","","",""
6.1,"","τίς","","τις",pron,"","","","",sg,"",nom
6.1,"","σε","","σύ",pron,"","","","",sg,"",acc
6.1,"","πλανήσῃ","","πλανάω",verb,aor,act,subj,3,sg,"",""
6.1,"","ἀπὸ","","ἀπό",prep,"","","","","","",""
6.1,"","ταύτης","","οὗτος",pron,"","","","",sg,f,gen
6.1,"","τῆς","","ὁ",det,"","","","",sg,f,gen
6.1,"","ὁδοῦ","","ὁδός",noun,"","","","",sg,f,gen
6.1,"","τῆς","","ὁ",det,"","","","",sg,f,gen
6.1,"","διδαχῆς",",","διδαχή",noun,"","","","",sg,f,gen
6.1,"","ἐπεὶ","","ἐπεί",conj,"","","","","","",""
6.1,"","παρεκτὸς","","παρεκτός",prep,"","","","","","",""
6.1,"","θεοῦ","","θεός",noun,"","","","",sg,m,gen
6.1,"","σε","","σύ",pron,"","","","",sg,"",acc
6.1,"","διδάσκει",.,"διδάσκω",verb,pres,act,ind,3,sg,"",""
6.2,"","εἰ","","εἰ",conj,"","","","","","",""
6.2,"","μὲν","","μέν",ptcl,"","","","","","",""
6.2,"","γὰρ","","γάρ",ptcl,"","","","","","",""
6.2,"","δύνασαι","","δύναμαι",verb,pres,mid,ind,2,sg,"",""
6.2,"","βαστάσαι","","βαστάζω",verb,aor,act,inf,"","","",""
6.2,"","ὅλον","","ὅλος",adj,"","","","",sg,m,acc
6.2,"","τὸν","","ὁ",det,"","","","",sg,m,acc
6.2,"","ζυγὸν","","ζυγός",noun,"","","","",sg,m,acc
6.2,"","τοῦ","","ὁ",det,"","","","",sg,m,gen
6.2,"","κυρίου",",","κύριος",noun,"","","","",sg,m,gen
6.2,"","τέλειος","","τέλειος",adj,"","","","",sg,m,nom
6.2,"","ἔσῃ","·","εἰμί",verb,fut,mid,ind,2,sg,"",""
6.2,"","εἰ","","εἰ",conj,"","","","","","",""
6.2,"","δ’","","δέ",ptcl,"","","","","","",""
6.2,"","οὐ","","οὐ",ptcl,"","","","","","",""
6.2,"","δύνασαι",",","δύναμαι",verb,pres,mid,ind,2,sg,"",""
6.2,"","ὃ","","ὅς",pron,"","","","",sg,n,acc
6.2,"","δύνῃ",",","δύναμαι",verb,pres,mid,subj,2,sg,"",""
6.2,"","τοῦτο","","οὗτος",pron,"","","","",sg,n,acc
6.2,"","ποίει",.,"ποιέω",verb,pres,act,impv,2,sg,"",""
6.3,"","περὶ","","περί",prep,"","","","","","",""
6.3,"","δὲ","","δέ",ptcl,"","","","","","",""
6.3,"","τῆς","","ὁ",det,"","","","",sg,f,gen
6.3,"","βρώσεως",",","βρῶσις",noun,"","","","",sg,f,gen
6.3,"","ὃ","","ὅς",pron,"","","","",sg,n,acc
6.3,"","δύνασαι","","δύναμαι",verb,pres,mid,ind,2,sg,"",""
6.3,"","βάστασον","·","βαστάζω",verb,aor,act,impv,2,sg,"",""
6.3,"","ἀπὸ","","ἀπό",prep,"","","","","","",""
6.3,"","δὲ","","δέ",ptcl,"","","","","","",""
6.3,"","τοῦ","","ὁ",det,"","","","",sg,n,gen
6.3,"","εἰδωλοθύτου","","εἰδωλόθυτος",adj,"","","","",sg,n,gen
6.3,"","λίαν","","λίαν",adv,"","","","","","",""
6.3,"","πρόσεχε","·","προσέχω",verb,pres,act,impv,2,sg,"",""
6.3,"","λατρεία","","λατρεία",noun,"","","","",sg,f,nom
6.3,"","γάρ","","γάρ",ptcl,"","","","","","",""
6.3,"","ἐστι","","εἰμί",verb,pres,act,ind,3,sg,"",""
6.3,"","θεῶν","","θεός",noun,"","","","",pl,m,gen
6.3,"","νεκρῶν",.,"νεκρός",adj,"","","","",pl,m,gen
7.1,"","Περὶ","","περί",prep,"","","","","","",""
7.1,"","δὲ","","δέ",ptcl,"","","","","","",""
7.1,"","τοῦ","","ὁ",det,"","","","",sg,n,gen
7.1,"","βαπτίσματος",",","βάπτισμα",noun,"","","","",sg,n,gen
7.1,"","οὕτω","","οὕτως",adv,"","","","","","",""
7.1,"","βαπτίσατε","·","βαπτίζω",verb,aor,act,impv,2,pl,"",""
7.1,"","ταῦτα","","οὗτος",pron,"","","","",pl,n,acc
7.1,"","πάντα","","πᾶς",adj,"","","","",pl,n,acc
7.1,"","προειπόντες",",","προεῖπον",verb,aor,act,ptcp,"",pl,m,nom
7.1,"","βαπτίσατε","","βαπτίζω",verb,aor,act,impv,2,pl,"",""
7.1,"","εἰς","","εἰς",prep,"","","","","","",""
7.1,"","τὸ","","ὁ",det,"","","","",sg,n,acc
7.1,"","ὄνομα","","ὄνομα",noun,"","","","",sg,n,acc
7.1,"","τοῦ","","ὁ",det,"","","","",sg,m,gen
7.1,"","πατρὸς","","πατήρ",noun,"","","","",sg,m,gen
7.1,"","καὶ","","καί",conj,"","","","","","",""
7.1,"","τοῦ","","ὁ",det,"","","","",sg,m,gen
7.1,"","υἱοῦ","","υἱός",noun,"","","","",sg,m,gen
7.1,"","καὶ","","καί",conj,"","","","","","",""
7.1,"","τοῦ","","ὁ",det,"","","","",sg,n,gen
7.1,"","ἁγίου","","ἅγιος",adj,"","","","",sg,n,gen
7.1,"","πνεύματος","","πνεῦμα",noun,"","","","",sg,n,gen
7.1,"","ἐν","","ἐν",prep,"","","","","","",""
7.1,"","ὕδατι","","ὕδωρ",noun,"","","","",sg,n,dat
7.1,"","ζῶντι",.,"ζάω",verb,pres,act,ptcp,"",sg,n,dat
7.2,"","ἐὰν","","ἐάν",conj,"","","","","","",""
7.2,"","δὲ","","δέ",ptcl,"","","","","","",""
7.2,"","μὴ","","μή",ptcl,"","","","","","",""
7.2,"","ἔχῃς","","ἔχω",verb,pres,act,subj,2,sg,"",""
7.2,"","ὕδωρ","","ὕδωρ",noun,"","","","",sg,n,acc
7.2,"","ζῶν",",","ζάω",verb,pres,act,ptcp,"",sg,n,acc
7.2,"","εἰς","","εἰς",prep,"","","","","","",""
7.2,"","ἄλλο","","ἄλλος",adj,"","","","",sg,n,acc
7.2,"","ὕδωρ","","ὕδωρ",noun,"","","","",sg,n,acc
7.2,"","βάπτισον","·","βαπτίζω",verb,aor,act,impv,2,sg,"",""
7.2,"","εἰ","","εἰ",conj,"","","","","","",""
7.2,"","δ’","","δέ",ptcl,"","","","","","",""
7.2,"","οὐ","","οὐ",ptcl,"","","","","","",""
7.2,"","δύνασαι","","δύναμαι",verb,pres,mid,ind,2,sg,"",""
7.2,"","ἐν","","ἐν",prep,"","","","","","",""
7.2,"","ψυχρῷ",",","ψυχρός",adj,"","","","",sg,n,dat
7.2,"","ἐν","","ἐν",prep,"","","","","","",""
7.2,"","θερμῷ",.,"θερμός",adj,"","","","",sg,n,dat
7.3,"","ἐὰν","","ἐάν",conj,"","","","","","",""
7.3,"","δὲ","","δέ",ptcl,"","","","","","",""
7.3,"","ἀμφότερα","","ἀμφότερος",adj,"","","","",pl,n,acc
7.3,"","μὴ","","μή",ptcl,"","","","","","",""
7.3,"","ἔχῃς",",","ἔχω",verb,pres,act,subj,2,sg,"",""
7.3,"","ἔκχεον","","ἐκχέω",verb,aor,act,impv,2,sg,"",""
7.3,"","εἰς","","εἰς",prep,"","","","","","",""
7.3,"","τὴν","","ὁ",det,"","","","",sg,f,acc
7.3,"","κεφαλὴν","","κεφαλή",noun,"","","","",sg,f,acc
7.3,"","τρὶς","","τρίς",adv,"","","","","","",""
7.3,"","ὕδωρ","","ὕδωρ",noun,"","","","",sg,n,acc
7.3,"","εἰς","","εἰς",prep,"","","","","","",""
7.3,"","ὄνομα","","ὄνομα",noun,"","","","",sg,n,acc
7.3,"","πατρὸς","","πατήρ",noun,"","","","",sg,m,gen
7.3,"","καὶ","","καί",conj,"","","","","","",""
7.3,"","υἱοῦ","","υἱός",noun,"","","","",sg,m,gen
7.3,"","καὶ","","καί",conj,"","","","","","",""
7.3,"","ἁγίου","","ἅγιος",adj,"","","","",sg,n,gen
7.3,"","πνεύματος",.,"πνεῦμα",noun,"","","","",sg,n,gen
7.4,"","πρὸ","","πρό",prep,"","","","","","",""
7.4,"","δὲ","","δέ",ptcl,"","","","","","",""
7.4,"","τοῦ","","ὁ",det,"","","","",sg,n,gen
7.4,"","βαπτίσματος","","βάπτισμα",noun,"","","","",sg,n,gen
7.4,"","προνηστευσάτω","","προνηστεύω",verb,aor,act,impv,3,sg,"",""
7.4,"","ὁ","","ὁ",det,"","","","",sg,m,nom
7.4,"","βαπτίζων","","βαπτίζω",verb,pres,act,ptcp,"",sg,m,nom
7.4,"","καὶ","","καί",conj,"","","","","","",""
7.4,"","ὁ","","ὁ",det,"","","","",sg,m,nom
7.4,"","βαπτιζόμενος","","βαπτίζω",verb,pres,pass,ptcp,"",sg,m,nom
7.4,"","καὶ","","καί",conj,"","","","","","",""
7.4,"","εἴ","","εἰ",conj,"","","","","","",""
7.4,"","τινες","","τις",pron,"","","","",pl,m,nom
7.4,"","ἄλλοι","","ἄλλος",adj,"","","","",pl,m,nom
7.4,"","δύνανται","·","δύναμαι",verb,pres,mid,ind,3,pl,"",""
7.4,"","κελεύεις","","κελεύω",verb,pres,act,ind,2,sg,"",""
7.4,"","δὲ","","δέ",ptcl,"","","","","","",""
7.4,"","νηστεῦσαι","","νηστεύω",verb,aor,act,inf,"","","",""
7.4,"","τὸν","","ὁ",det,"","","","",sg,m,acc
7.4,"","βαπτιζόμενον","","βαπτίζω",verb,pres,pass,ptcp,"",sg,m,acc
7.4,"","πρὸ","","πρό",prep,"","","","","","",""
7.4,"","μιᾶς","","εἷς",num,"","","","",sg,f,gen
7.4,"","ἢ","","ἤ",conj,"","","","","","",""
7.4,"","δύο",.,"δύο",num,"","","","","","",""
8.1,"","Αἱ","","ὁ",det,"","","","",pl,f,nom
8.1,"","δὲ","","δέ",ptcl,"","","","","","",""
8.1,"","νηστεῖαι","","νηστεία",noun,"","","","",pl,f,nom
8.1,"","ὑμῶν","","σύ",pron,"","","","",pl,"",gen
8.1,"","μὴ","","μή",ptcl,"","","","","","",""
8.1,"","ἔστωσαν","","εἰμί",verb,pres,act,impv,3,pl,"",""
8.1,"","μετὰ","","μετά",prep,"","","","","","",""
8.1,"","τῶν","","ὁ",det,"","","","",pl,m,gen
8.1,"","ὑποκριτῶν",.,"ὑποκριτής",noun,"","","","",pl,m,gen
8.1,"","νηστεύουσι","","νηστεύω",verb,pres,act,ind,3,pl,"",""
8.1,"","γὰρ","","γάρ",ptcl,"","","","","","",""
8.1,"","δευτέρᾳ","","δεύτερος",adj,"","","","",sg,f,dat
8.1,"","σαββάτων","","σάββατον",noun,"","","","",pl,n,gen
8.1,"","καὶ","","καί",conj,"","","","","","",""
8.1,"","πέμπτῃ","·","πέμπτος",adj,"","","","",sg,f,dat
8.1,"","ὑμεῖς","","σύ",pron,"","","","",pl,"",nom
8.1,"","δὲ","","δέ",ptcl,"","","","","","",""
8.1,"","νηστεύσατε","","νηστεύω",verb,aor,act,impv,2,pl,"",""
8.1,"","τετράδα","","τετράς",noun,"","","","",sg,f,acc
8.1,"","καὶ","","καί",conj,"","","","","","",""
8.1,"","παρασκευήν",.,"παρασκευή",noun,"","","","",sg,f,acc
8.2,"","μηδὲ","","μηδέ",adv,"","","","","","",""
8.2,"","προσεύχεσθε","","προσεύχομαι",verb,pres,mid,impv,2,pl,"",""
8.2,"","ὡς","","ὡς",conj,"","","","","","",""
8.2,"","οἱ","","ὁ",det,"","","","",pl,m,nom
8.2,"","ὑποκριταί",",","ὑποκριτής",noun,"","","","",pl,m,nom
8.2,"","ἀλλ’","","ἀλλά",conj,"","","","","","",""
8.2,"","ὡς","","ὡς",conj,"","","","","","",""
8.2,"","ἐκέλευσεν","","κελεύω",verb,aor,act,ind,3,sg,"",""
8.2,"","ὁ","","ὁ",det,"","","","",sg,m,nom
8.2,"","κύριος","","κύριος",noun,"","","","",sg,m,nom
8.2,"","ἐν","","ἐν",prep,"","","","","","",""
8.2,"","τῷ","","ὁ",det,"","","","",sg,n,dat
8.2,"","εὐαγγελίῳ","","εὐαγγέλιον",noun,"","","","",sg,n,dat
8.2,"","αὐτοῦ",",","αὐτός",pron,"","","","",sg,m,gen
8.2,"","οὕτω","","οὕτως",adv,"","","","","","",""
8.2,"","προσεύχεσθε","·","προσεύχομαι",verb,pres,mid,impv,2,pl,"",""
8.2,"","Πάτερ","","πατήρ",noun,"","","","",sg,m,voc
8.2,"","ἡμῶν","","ἐγώ",pron,"","","",1,pl,"",gen
8.2,"","ὁ","","ὁ",det,"","","","",sg,m,nom
8.2,"","ἐν","","ἐν",prep,"","","","","","",""
8.2,"","τῷ","","ὁ",det,"","","","",sg,m,dat
8.2,"","οὐρανῷ",",","οὐρανός",noun,"","","","",sg,m,dat
8.2,"","ἁγιασθήτω","","ἁγιάζω",verb,aor,pass,impv,3,sg,"",""
8.2,"","τὸ","","ὁ",det,"","","","",sg,n,nom
8.2,"","ὄνομά","","ὄνομα",noun,"","","","",sg,n,nom
8.2,"","σου",",","σύ",pron,"","","",2,sg,"",gen
8.2,"","ἐλθέτω","","ἔρχομαι",verb,aor,act,impv,3,sg,"",""
8.2,"","ἡ","","ὁ",det,"","","","",sg,f,nom
8.2,"","βασιλεία","","βασιλεία",noun,"","","","",sg,f,nom
8.2,"","σου",",","σύ",pron,"","","",2,sg,"",gen
8.2,"","γενηθήτω","","γίνομαι",verb,aor,mid,impv,3,sg,"",""
8.2,"","τὸ","","ὁ",det,"","","","",sg,n,nom
8.2,"","θέλημά","","θέλημα",noun,"","","","",sg,n,nom
8.2,"","σου","","σύ",pron,"","","",2,sg,"",gen
8.2,"","ὡς","","ὡς",conj,"","","","","","",""
8.2,"","ἐν","","ἐν",prep,"","","","","","",""
8.2,"","οὐρανῷ","","οὐρανός",noun,"","","","",sg,m,dat
8.2,"","καὶ","","καί",conj,"","","","","","",""
8.2,"","ἐπὶ","","ἐπί",prep,"","","","","","",""
8.2,"","γῆς","·","γῆ",noun,"","","","",sg,f,gen
8.2,"","τὸν","","ὁ",det,"","","","",sg,m,acc
8.2,"","ἄρτον","","ἄρτος",noun,"","","","",sg,m,acc
8.2,"","ἡμῶν","","ἐγώ",pron,"","","",1,pl,"",gen
8.2,"","τὸν","","ὁ",det,"","","","",sg,m,acc
8.2,"","ἐπιούσιον","","ἐπιούσιος",adj,"","","","",sg,m,acc
8.2,"","δὸς","","δίδωμι",verb,aor,act,impv,2,sg,"",""
8.2,"","ἡμῖν","","ἐγώ",pron,"","","",1,pl,"",dat
8.2,"","σήμερον",",","σήμερον",adv,"","","","","","",""
8.2,"","καὶ","","καί",conj,"","","","","","",""
8.2,"","ἄφες","","ἀφίημι",verb,aor,act,impv,2,sg,"",""
8.2,"","ἡμῖν","","ἐγώ",pron,"","","",1,pl,"",dat
8.2,"","τὴν","","ὁ",det,"","","","",sg,f,acc
8.2,"","ὀφειλὴν","","ὀφειλή",noun,"","","","",sg,f,acc
8.2,"","ἡμῶν",",","ἐγώ",pron,"","","",1,pl,"",gen
8.2,"","ὡς","","ὡς",conj,"","","","","","",""
8.2,"","καὶ","","καί",conj,"","","","","","",""
8.2,"","ἡμεῖς","","ἐγώ",pron,"","","",1,pl,"",nom
8.2,"","ἀφίεμεν","","ἀφίημι",verb,pres,act,ind,1,pl,"",""
8.2,"","τοῖς","","ὁ",det,"","","","",pl,m,dat
8.2,"","ὀφειλέταις","","ὀφειλέτης",noun,"","","","",pl,m,dat
8.2,"","ἡμῶν",",","ἐγώ",pron,"","","",1,pl,"",gen
8.2,"","καὶ","","καί",conj,"","","","","","",""
8.2,"","μὴ","","μή",ptcl,"","","","","","",""
8.2,"","εἰσενέγκῃς","","εἰσφέρω",verb,aor,act,subj,2,sg,"",""
8.2,"","ἡμᾶς","","ἐγώ",pron,"","","",1,pl,"",acc
8.2,"","εἰς","","εἰς",prep,"","","","","","",""
8.2,"","πειρασμόν",",","πειρασμός",noun,"","","","",sg,m,acc
8.2,"","ἀλλὰ","","ἀλλά",conj,"","","","","","",""
8.2,"","ῥῦσαι","","ῥύομαι",verb,aor,mid,impv,2,sg,"",""
8.2,"","ἡμᾶς","","ἐγώ",pron,"","","",1,pl,"",acc
8.2,"","ἀπὸ","","ἀπό",prep,"","","","","","",""
8.2,"","τοῦ","","ὁ",det,"","","","",sg,m,gen
8.2,"","πονηροῦ","·","πονηρός",adj,"","","","",sg,m,gen
8.2,"","ὅτι","","ὅτι",conj,"","","","","","",""
8.2,"","σοῦ","","σύ",pron,"","","",2,sg,"",gen
8.2,"","ἐστιν","","εἰμί",verb,pres,act,ind,3,sg,"",""
8.2,"","ἡ","","ὁ",det,"","","","",sg,f,nom
8.2,"","δύναμις","","δύναμις",noun,"","","","",sg,f,nom
8.2,"","καὶ","","καί",conj,"","","","","","",""
8.2,"","ἡ","","ὁ",det,"","","","",sg,f,nom
8.2,"","δόξα","","δόξα",noun,"","","","",sg,f,nom
8.2,"","εἰς","","εἰς",prep,"","","","","","",""
8.2,"","τοὺς","","ὁ",det,"","","","",pl,m,acc
8.2,"","αἰῶνας",.,"αἰών",noun,"","","","",pl,m,acc
8.3,"","τρὶς","","τρίς",adv,"","","","","","",""
8.3,"","τῆς","","ὁ",det,"","","","",sg,f,gen
8.3,"","ἡμέρας","","ἡμέρα",noun,"","","","",sg,f,gen
8.3,"","οὕτω","","οὕτως",adv,"","","","","","",""
8.3,"","προσεύχεσθε",.,"προσεύχομαι",verb,pres,mid,impv,2,pl,"",""
9.1,"","Περὶ","","περί",prep,"","","","","","",""
9.1,"","δὲ","","δέ",ptcl,"","","","","","",""
9.1,"","τῆς","","ὁ",det,"","","","",sg,f,gen
9.1,"","εὐχαριστίας",",","εὐχαριστία",noun,"","","","",sg,f,gen
9.1,"","οὕτως","","οὕτως",adv,"","","","","","",""
9.1,"","εὐχαριστήσατε","·","εὐχαριστέω",verb,aor,act,impv,2,pl,"",""
9.2,"","πρῶτον","","πρῶτος",adj,"","","","",sg,n,acc
9.2,"","περὶ","","περί",prep,"","","","","","",""
9.2,"","τοῦ","","ὁ",det,"","","","",sg,n,gen
9.2,"","ποτηρίου","·","ποτήριον",noun,"","","","",sg,n,gen
9.2,"","Εὐχαριστοῦμέν","","εὐχαριστέω",verb,pres,act,ind,1,pl,"",""
9.2,"","σοι",",","σύ",pron,"","","","",sg,"",dat
9.2,"","πάτερ","","πατήρ",noun,"","","","",sg,"",voc
9.2,"","ἡμῶν",",","ἐγώ",pron,"","","","",pl,"",gen
9.2,"","ὑπὲρ","","ὑπέρ",prep,"","","","","","",""
9.2,"","τῆς","","ὁ",det,"","","","",sg,f,gen
9.2,"","ἁγίας","","ἅγιος",adj,"","","","",sg,f,gen
9.2,"","ἀμπέλου","","ἄμπελος",noun,"","","","",sg,f,gen
9.2,"","Δαυεὶδ","","Δαυίδ",noun,"","","","","","",""
9.2,"","τοῦ","","ὁ",det,"","","","",sg,m,gen
9.2,"","παιδός","","παῖς",noun,"","","","",sg,m,gen
9.2,"","σου",",","σύ",pron,"","","","",sg,"",gen
9.2,"","ἧς","","ὅς",pron,"","","","",sg,f,gen
9.2,"","ἐγνώρισας","","γνωρίζω",verb,aor,act,ind,2,sg,"",""
9.2,"","ἡμῖν","","ἐγώ",pron,"","","","",pl,"",dat
9.2,"","διὰ","","διά",prep,"","","","","","",""
9.2,"","Ἰησοῦ","","Ἰησοῦς",noun,"","","","",sg,"",gen
9.2,"","τοῦ","","ὁ",det,"","","","",sg,m,gen
9.2,"","παιδός","","παῖς",noun,"","","","",sg,m,gen
9.2,"","σου","·","σύ",pron,"","","","",sg,"",gen
9.2,"","σοὶ","","σύ",pron,"","","","",sg,"",dat
9.2,"","ἡ","","ὁ",det,"","","","",sg,f,nom
9.2,"","δόξα","","δόξα",noun,"","","","",sg,f,nom
9.2,"","εἰς","","εἰς",prep,"","","","","","",""
9.2,"","τοὺς","","ὁ",det,"","","","",pl,m,acc
9.2,"","αἰῶνας",.,"αἰών",noun,"","","","",pl,m,acc
9.3,"","περὶ","","περί",prep,"","","","","","",""
9.3,"","δὲ","","δέ",ptcl,"","","","","","",""
9.3,"","τοῦ","","ὁ",det,"","","","",sg,n,gen
9.3,"","κλάσματος","·","κλάσμα",noun,"","","","",sg,n,gen
9.3,"","Εὐχαριστοῦμέν","","εὐχαριστέω",verb,pres,act,ind,1,pl,"",""
9.3,"","σοι",",","σύ",pron,"","","","",sg,"",dat
9.3,"","πάτερ","","πατήρ",noun,"","","","",sg,"",voc
9.3,"","ἡμῶν",",","ἐγώ",pron,"","","","",pl,"",gen
9.3,"","ὑπὲρ","","ὑπέρ",prep,"","","","","","",""
9.3,"","τῆς","","ὁ",det,"","","","",sg,f,gen
9.3,"","ζωῆς","","ζωή",noun,"","","","",sg,f,gen
9.3,"","καὶ","","καί",conj,"","","","","","",""
9.3,"","γνώσεως",",","γνῶσις",noun,"","","","",sg,f,gen
9.3,"","ἧς","","ὅς",pron,"","","","",sg,f,acc
9.3,"","ἐγνώρισας","","γνωρίζω",verb,aor,act,ind,2,sg,"",""
9.3,"","ἡμῖν","","ἐγώ",pron,"","","","",pl,"",dat
9.3,"","διὰ","","διά",prep,"","","","","","",""
9.3,"","Ἰησοῦ","","Ἰησοῦς",noun,"","","","",sg,m,gen
9.3,"","τοῦ","","ὁ",det,"","","","",sg,m,gen
9.3,"","παιδός","","παῖς",noun,"","","","",sg,m,gen
9.3,"","σου",.,"σύ",pron,"","","","",sg,"",gen
9.3,"","σοὶ","","σύ",pron,"","","","",sg,"",dat
9.3,"","ἡ","","ὁ",det,"","","","",sg,f,nom
9.3,"","δόξα","","δόξα",noun,"","","","",sg,f,nom
9.3,"","εἰς","","εἰς",prep,"","","","","","",""
9.3,"","τοὺς","","ὁ",det,"","","","",pl,m,acc
9.3,"","αἰῶνας",.,"αἰών",noun,"","","","",pl,m,acc
9.4,"","ὥσπερ","","ὥσπερ",conj,"","","","","","",""
9.4,"","ἦν","","εἰμί",verb,impf,act,ind,3,sg,"",""
9.4,"","τοῦτο","","οὗτος",pron,"","","","",sg,n,nom
9.4,"","τὸ","","ὁ",det,"","","","",sg,n,nom
9.4,"","κλάσμα","","κλάσμα",noun,"","","","",sg,n,nom
9.4,"","διεσκορπισμένον","","διασκορπίζω",verb,perf,pass,ptcp,"",sg,n,nom
9.4,"","ἐπάνω","","ἐπάνω",adv,"","","","","","",""
9.4,"","τῶν","","ὁ",det,"","","","",pl,n,gen
9.4,"","ὀρέων","","ὄρος",noun,"","","","",pl,n,gen
9.4,"","καὶ","","καί",conj,"","","","","","",""
9.4,"","συναχθὲν","","συνάγω",verb,aor,pass,ptcp,"",sg,n,nom
9.4,"","ἐγένετο","","γίνομαι",verb,aor,mid,ind,3,sg,"",""
9.4,"","ἕν",",","εἷς",num,"","","","",sg,n,nom
9.4,"","οὕτω","","οὕτως",adv,"","","","","","",""
9.4,"","συναχθήτω","","συνάγω",verb,aor,pass,impv,3,sg,"",""
9.4,"","σου","","σύ",pron,"","","","",sg,"",gen
9.4,"","ἡ","","ὁ",det,"","","","",sg,f,nom
9.4,"","ἐκκλησία","","ἐκκλησία",noun,"","","","",sg,f,nom
9.4,"","ἀπὸ","","ἀπό",prep,"","","","","","",""
9.4,"","τῶν","","ὁ",det,"","","","",pl,n,gen
9.4,"","περάτων","","πέρας",noun,"","","","",pl,n,gen
9.4,"","τῆς","","ὁ",det,"","","","",sg,f,gen
9.4,"","γῆς","","γῆ",noun,"","","","",sg,f,gen
9.4,"","εἰς","","εἰς",prep,"","","","","","",""
9.4,"","τὴν","","ὁ",det,"","","","",sg,f,acc
9.4,"","σὴν","","σός",adj,"","","","",sg,f,acc
9.4,"","βασιλείαν",.,"βασιλεία",noun,"","","","",sg,f,acc
9.4,"","ὅτι","","ὅτι",conj,"","","","","","",""
9.4,"","σοῦ","","σύ",pron,"","","","",sg,"",gen
9.4,"","ἐστιν","","εἰμί",verb,pres,act,ind,3,sg,"",""
9.4,"","ἡ","","ὁ",det,"","","","",sg,f,nom
9.4,"","δόξα","","δόξα",noun,"","","","",sg,f,nom
9.4,"","καὶ","","καί",conj,"","","","","","",""
9.4,"","ἡ","","ὁ",det,"","","","",sg,f,nom
9.4,"","δύναμις","","δύναμις",noun,"","","","",sg,f,nom
9.4,"","διὰ","","διά",prep,"","","","","","",""
9.4,"","Ἰησοῦ","","Ἰησοῦς",noun,"","","","",sg,m,gen
9.4,"","Χριστοῦ","","Χριστός",noun,"","","","",sg,m,gen
9.4,"","εἰς","","εἰς",prep,"","","","","","",""
9.4,"","τοὺς","","ὁ",det,"","","","",pl,m,acc
9.4,"","αἰῶνας",.,"αἰών",noun,"","","","",pl,m,acc
9.5,"","μηδεὶς","","μηδείς",adj,"","","","",sg,m,nom
9.5,"","δὲ","","δέ",ptcl,"","","","","","",""
9.5,"","φαγέτω","","ἐσθίω",verb,aor,act,impv,3,sg,"",""
9.5,"","μηδὲ","","μηδέ",conj,"","","","","","",""
9.5,"","πιέτω","","πίνω",verb,aor,act,impv,3,sg,"",""
9.5,"","ἀπὸ","","ἀπό",prep,"","","","","","",""
9.5,"","τῆς","","ὁ",det,"","","","",sg,f,gen
9.5,"","εὐχαριστίας","","εὐχαριστία",noun,"","","","",sg,f,gen
9.5,"","ὑμῶν",",","σύ",pron,"","","","",pl,"",gen
9.5,"","ἀλλ’","","ἀλλά",conj,"","","","","","",""
9.5,"","οἱ","","ὁ",det,"","","","",pl,m,nom
9.5,"","βαπτισθέντες","","βαπτίζω",verb,aor,pass,ptcp,"",pl,m,nom
9.5,"","εἰς","","εἰς",prep,"","","","","","",""
9.5,"","ὄνομα","","ὄνομα",noun,"","","","",sg,n,acc
9.5,"","κυρίου","·","κύριος",noun,"","","","",sg,m,gen
9.5,"","καὶ","","καί",conj,"","","","","","",""
9.5,"","γὰρ","","γάρ",ptcl,"","","","","","",""
9.5,"","περὶ","","περί",prep,"","","","","","",""
9.5,"","τούτου","","οὗτος",pron,"","","","",sg,n,gen
9.5,"","εἴρηκεν","","ἐρῶ",verb,perf,act,ind,3,sg,"",""
9.5,"","ὁ","","ὁ",det,"","","","",sg,m,nom
9.5,"","κύριος","·","κύριος",noun,"","","","",sg,m,nom
9.5,"","Μὴ","","μή",ptcl,"","","","","","",""
9.5,"","δῶτε","","δίδωμι",verb,aor,act,subj,2,pl,"",""
9.5,"","τὸ","","ὁ",det,"","","","",sg,n,acc
9.5,"","ἅγιον","","ἅγιος",adj,"","","","",sg,n,acc
9.5,"","τοῖς","","ὁ",det,"","","","",pl,m,dat
9.5,"","κυσί",.,"κύων",noun,"","","","",pl,m,dat
10.1,"","Μετὰ","","μετά",prep,"","","","","","",""
10.1,"","δὲ","","δέ",ptcl,"","","","","","",""
10.1,"","τὸ","","ὁ",det,"","","","",sg,n,acc
10.1,"","ἐμπλησθῆναι","","ἐμπίπλημι",verb,aor,pass,inf,"","","",""
10.1,"","οὕτως","","οὕτως",adv,"","","","","","",""
10.1,"","εὐχαριστήσατε","·","εὐχαριστέω",verb,aor,act,impv,2,pl,"",""
10.2,"","Εὐχαριστοῦμέν","","εὐχαριστέω",verb,pres,act,ind,1,pl,"",""
10.2,"","σοι",",","σύ",pron,"","","","",sg,"",dat
10.2,"","πάτερ","","πατήρ",noun,"","","","",sg,m,voc
10.2,"","ἅγιε",",","ἅγιος",adj,"","","","",sg,m,voc
10.2,"","ὑπὲρ","","ὑπέρ",prep,"","","","","","",""
10.2,"","τοῦ","","ὁ",det,"","","","",sg,n,gen
10.2,"","ἁγίου","","ἅγιος",adj,"","","","",sg,n,gen
10.2,"","ὀνόματός","","ὄνομα",noun,"","","","",sg,n,gen
10.2,"","σου",",","σύ",pron,"","","","",sg,"",gen
10.2,"","οὗ","","ὅς",pron,"","","","",sg,n,acc
10.2,"","κατεσκήνωσας","","κατασκηνόω",verb,aor,act,ind,2,sg,"",""
10.2,"","ἐν","","ἐν",prep,"","","","","","",""
10.2,"","ταῖς","","ὁ",det,"","","","",pl,f,dat
10.2,"","καρδίαις","","καρδία",noun,"","","","",pl,f,dat
10.2,"","ἡμῶν",",","ἐγώ",pron,"","","","",pl,"",gen
10.2,"","καὶ","","καί",conj,"","","","","","",""
10.2,"","ὑπὲρ","","ὑπέρ",prep,"","","","","","",""
10.2,"","τῆς","","ὁ",det,"","","","",sg,f,gen
10.2,"","γνώσεως","","γνῶσις",noun,"","","","",sg,f,gen
10.2,"","καὶ","","καί",conj,"","","","","","",""
10.2,"","πίστεως","","πίστις",noun,"","","","",sg,f,gen
10.2,"","καὶ","","καί",conj,"","","","","","",""
10.2,"","ἀθανασίας",",","ἀθανασία",noun,"","","","",sg,f,gen
10.2,"","ἧς","","ὅς",pron,"","","","",sg,f,acc
10.2,"","ἐγνώρισας","","γνωρίζω",verb,aor,act,ind,2,sg,"",""
10.2,"","ἡμῖν","","ἐγώ",pron,"","","","",pl,"",dat
10.2,"","διὰ","","διά",prep,"","","","","","",""
10.2,"","Ἰησοῦ","","Ἰησοῦς",noun,"","","","",sg,m,gen
10.2,"","τοῦ","","ὁ",det,"","","","",sg,m,gen
10.2,"","παιδός","","παῖς",noun,"","","","",sg,m,gen
10.2,"","σου","·","σύ",pron,"","","","",sg,"",gen
10.2,"","σοὶ","","σύ",pron,"","","","",sg,"",dat
10.2,"","ἡ","","ὁ",det,"","","","",sg,f,nom
10.2,"","δόξα","","δόξα",noun,"","","","",sg,f,nom
10.2,"","εἰς","","εἰς",prep,"","","","","","",""
10.2,"","τοὺς","","ὁ",det,"","","","",pl,m,acc
10.2,"","αἰῶνας",.,"αἰών",noun,"","","","",pl,m,acc
10.3,"","σύ",",","σύ",pron,"","","","",sg,"",nom
10.3,"","δέσποτα","","δεσπότης",noun,"","","","",sg,m,voc
10.3,"","παντοκράτορ",",","παντοκράτωρ",adj,"","","","",sg,m,voc
10.3,"","ἔκτισας","","κτίζω",verb,aor,act,ind,2,sg,"",""
10.3,"","τὰ","","ὁ",det,"","","","",pl,n,acc
10.3,"","πάντα","","πᾶς",adj,"","","","",pl,n,acc
10.3,"","ἕνεκεν","","ἕνεκα",prep,"","","","","","",""
10.3,"","τοῦ","","ὁ",det,"","","","",sg,n,gen
10.3,"","ὀνόματός","","ὄνομα",noun,"","","","",sg,n,gen
10.3,"","σου",",","σύ",pron,"","","","",sg,"",gen
10.3,"","τροφήν","","τροφή",noun,"","","","",sg,f,acc
10.3,"","τε","","τε",ptcl,"","","","","","",""
10.3,"","καὶ","","καί",conj,"","","","","","",""
10.3,"","ποτὸν","","ποτόν",noun,"","","","",sg,n,acc
10.3,"","ἔδωκας","","δίδωμι",verb,aor,act,ind,2,sg,"",""
10.3,"","τοῖς","","ὁ",det,"","","","",pl,m,dat
10.3,"","ἀνθρώποις","","ἄνθρωπος",noun,"","","","",pl,m,dat
10.3,"","εἰς","","εἰς",prep,"","","","","","",""
10.3,"","ἀπόλαυσιν",",","ἀπόλαυσις",noun,"","","","",sg,f,acc
10.3,"","ἵνα","","ἵνα",conj,"","","","","","",""
10.3,"","σοι","","σύ",pron,"","","","",sg,"",dat
10.3,"","εὐχαριστήσωσιν",",","εὐχαριστέω",verb,aor,act,subj,3,pl,"",""
10.3,"","ἡμῖν","","ἐγώ",pron,"","","","",pl,"",dat
10.3,"","δὲ","","δέ",ptcl,"","","","","","",""
10.3,"","ἐχαρίσω","","χαρίζομαι",verb,aor,mid,ind,2,sg,"",""
10.3,"","πνευματικὴν","","πνευματικός",adj,"","","","",sg,f,acc
10.3,"","τροφὴν","","τροφή",noun,"","","","",sg,f,acc
10.3,"","καὶ","","καί",conj,"","","","","","",""
10.3,"","ποτὸν","","ποτόν",noun,"","","","",sg,n,acc
10.3,"","καὶ","","καί",conj,"","","","","","",""
10.3,"","ζωὴν","","ζωή",noun,"","","","",sg,f,acc
10.3,"","αἰώνιον","","αἰώνιος",adj,"","","","",sg,f,acc
10.3,"","διὰ","","διά",prep,"","","","","","",""
10.3,"","τοῦ","","ὁ",det,"","","","",sg,m,gen
10.3,"","παιδός","","παῖς",noun,"","","","",sg,m,gen
10.3,"","σου",.,"σύ",pron,"","","","",sg,"",gen
10.4,"","πρὸ","","πρό",prep,"","","","","","",""
10.4,"","πάντων","","πᾶς",adj,"","","","",pl,n,gen
10.4,"","εὐχαριστοῦμέν","","εὐχαριστέω",verb,pres,act,ind,1,pl,"",""
10.4,"","σοι",",","σύ",pron,"","","","",sg,"",dat
10.4,"","ὅτι","","ὅτι",conj,"","","","","","",""
10.4,"","δυνατὸς","","δυνατός",adj,"","","","",sg,m,nom
10.4,"","εἶ","·","εἰμί",verb,pres,act,ind,2,sg,"",""
10.4,"","σοὶ","","σύ",pron,"","","","",sg,"",dat
10.4,"","ἡ","","ὁ",det,"","","","",sg,f,nom
10.4,"","δόξα","","δόξα",noun,"","","","",sg,f,nom
10.4,"","εἰς","","εἰς",prep,"","","","","","",""
10.4,"","τοὺς","","ὁ",det,"","","","",pl,m,acc
10.4,"","αἰῶνας",.,"αἰών",noun,"","","","",pl,m,acc
10.5,"","μνήσθητι",",","μιμνήσκω",verb,aor,pass,impv,2,sg,"",""
10.5,"","κύριε",",","κύριος",noun,"","","","",sg,m,voc
10.5,"","τῆς","","ὁ",det,"","","","",sg,f,gen
10.5,"","ἐκκλησίας","","ἐκκλησία",noun,"","","","",sg,f,gen
10.5,"","σου",",","σύ",pron,"","","","",sg,m,gen
10.5,"","τοῦ","","ὁ",det,"","","","",sg,n,gen
10.5,"","ῥύσασθαι","","ῥύομαι",verb,aor,mid,inf,"","","",""
10.5,"","αὐτὴν","","αὐτός",pron,"","","","",sg,f,acc
10.5,"","ἀπὸ","","ἀπό",prep,"","","","","","",""
10.5,"","παντὸς","","πᾶς",adj,"","","","",sg,n,gen
10.5,"","πονηροῦ","","πονηρός",adj,"","","","",sg,n,gen
10.5,"","καὶ","","καί",conj,"","","","","","",""
10.5,"","τελειῶσαι","","τελειόω",verb,aor,act,inf,"","","",""
10.5,"","αὐτὴν","","αὐτός",pron,"","","","",sg,f,acc
10.5,"","ἐν","","ἐν",prep,"","","","","","",""
10.5,"","τῇ","","ὁ",det,"","","","",sg,f,dat
10.5,"","ἀγάπῃ","","ἀγάπη",noun,"","","","",sg,f,dat
10.5,"","σου",",","σύ",pron,"","","","",sg,m,gen
10.5,"","καὶ","","καί",conj,"","","","","","",""
10.5,"","σύναξον","","συνάγω",verb,aor,act,impv,2,sg,"",""
10.5,"","αὐτὴν","","αὐτός",pron,"","","","",sg,f,acc
10.5,"","ἀπὸ","","ἀπό",prep,"","","","","","",""
10.5,"","τῶν","","ὁ",det,"","","","",pl,m,gen
10.5,"","τεσσάρων","","τέσσαρες",num,"","","","",pl,m,gen
10.5,"","ἀνέμων",",","ἄνεμος",noun,"","","","",pl,m,gen
10.5,"","τὴν","","ὁ",det,"","","","",sg,f,acc
10.5,"","ἁγιασθεῖσαν",",","ἁγιάζω",verb,aor,pass,ptcp,"",sg,f,acc
10.5,"","εἰς","","εἰς",prep,"","","","","","",""
10.5,"","τὴν","","ὁ",det,"","","","",sg,f,acc
10.5,"","σὴν","","σός",adj,"","","","",sg,f,acc
10.5,"","βασιλείαν",",","βασιλεία",noun,"","","","",sg,f,acc
10.5,"","ἣν","","ὅς",pron,"","","","",sg,f,acc
10.5,"","ἡτοίμασας","","ἑτοιμάζω",verb,aor,act,ind,2,sg,"",""
10.5,"","αὐτῇ","·","αὐτός",pron,"","","","",sg,f,dat
10.5,"","ὅτι","","ὅτι",conj,"","","","","","",""
10.5,"","σοῦ","","σύ",pron,"","","","",sg,m,gen
10.5,"","ἐστιν","","εἰμί",verb,pres,act,ind,3,sg,"",""
10.5,"","ἡ","","ὁ",det,"","","","",sg,f,nom
10.5,"","δύναμις","","δύναμις",noun,"","","","",sg,f,nom
10.5,"","καὶ","","καί",conj,"","","","","","",""
10.5,"","ἡ","","ὁ",det,"","","","",sg,f,nom
10.5,"","δόξα","","δόξα",noun,"","","","",sg,f,nom
10.5,"","εἰς","","εἰς",prep,"","","","","","",""
10.5,"","τοὺς","","ὁ",det,"","","","",pl,m,acc
10.5,"","αἰῶνας",.,"αἰών",noun,"","","","",pl,m,acc
10.6,"","ἐλθέτω","","ἔρχομαι",verb,aor,act,impv,3,sg,"",""
10.6,"","χάρις","","χάρις",noun,"","","","",sg,f,nom
10.6,"","καὶ","","καί",conj,"","","","","","",""
10.6,"","παρελθέτω","","παρέρχομαι",verb,aor,act,impv,3,sg,"",""
10.6,"","ὁ","","ὁ",det,"","","","",sg,m,nom
10.6,"","κόσμος","","κόσμος",noun,"","","","",sg,m,nom
10.6,"","οὗτος",.,"οὗτος",pron,"","","","",sg,m,nom
10.6,"","Ὡσαννὰ","","ὡσαννά",intj,"","","","","","",""
10.6,"","τῷ","","ὁ",det,"","","","",sg,m,dat
10.6,"","θεῷ","","θεός",noun,"","","","",sg,m,dat
10.6,"","Δαυείδ",.,"Δαυίδ",noun,"","","","",sg,m,gen
10.6,"","εἴ","","εἰ",conj,"","","","","","",""
10.6,"","τις","","τις",pron,"","","","",sg,m,nom
10.6,"","ἅγιός","","ἅγιος",adj,"","","","",sg,m,nom
10.6,"","ἐστιν",",","εἰμί",verb,pres,act,ind,3,sg,"",""
10.6,"","ἐρχέσθω","·","ἔρχομαι",verb,pres,mid,impv,3,sg,"",""
10.6,"","εἴ","","εἰ",conj,"","","","","","",""
10.6,"","τις","","τις",pron,"","","","",sg,m,nom
10.6,"","οὐκ","","οὐ",ptcl,"","","","","","",""
10.6,"","ἔστι",",","εἰμί",verb,pres,act,ind,3,sg,"",""
10.6,"","μετανοείτω","·","μετανοέω",verb,pres,act,impv,3,sg,"",""
10.6,"","μαρὰν","","μαράν",intj,"","","","","","",""
10.6,"","ἀθά","·","ἀθά",intj,"","","","","","",""
10.6,"","ἀμήν",.,"ἀμήν",intj,"","","","","","",""
10.7,"","τοῖς","","ὁ",det,"","","","",pl,m,dat
10.7,"","δὲ","","δέ",ptcl,"","","","","","",""
10.7,"","προφήταις","","προφήτης",noun,"","","","",pl,m,dat
10.7,"","ἐπιτρέπετε","","ἐπιτρέπω",verb,pres,act,impv,2,pl,"",""
10.7,"","εὐχαριστεῖν","","εὐχαριστέω",verb,pres,act,inf,"","","",""
10.7,"","ὅσα","","ὅσος",pron,"","","","",pl,n,acc
10.7,"","θέλουσιν",.,"θέλω",verb,pres,act,ind,3,pl,"",""
11.1,"","Ὃς","","ὅς",pron,"","","","",sg,m,nom
11.1,"","ἂν","","ἄν",ptcl,"","","","","","",""
11.1,"","οὖν","","οὖν",ptcl,"","","","","","",""
11.1,"","ἐλθὼν","","ἔρχομαι",verb,aor,act,ptcp,"",sg,m,nom
11.1,"","διδάξῃ","","διδάσκω",verb,aor,act,subj,3,sg,"",""
11.1,"","ὑμᾶς","","σύ",pron,"","","","",pl,"",acc
11.1,"","ταῦτα","","οὗτος",pron,"","","","",pl,n,acc
11.1,"","πάντα","","πᾶς",adj,"","","","",pl,n,acc
11.1,"","τὰ","","ὁ",det,"","","","",pl,n,acc
11.1,"","προειρημένα",",","προλέγω",verb,perf,midpass,ptcp,"",pl,n,acc
11.1,"","δέξασθε","","δέχομαι",verb,aor,mid,impv,2,pl,"",""
11.1,"","αὐτόν","·","αὐτός",pron,"","","","",sg,m,acc
11.2,"","ἐὰν","","ἐάν",conj,"","","","","","",""
11.2,"","δὲ","","δέ",ptcl,"","","","","","",""
11.2,"","αὐτὸς","","αὐτός",pron,"","","","",sg,m,nom
11.2,"","ὁ","","ὁ",det,"","","","",sg,m,nom
11.2,"","διδάσκων","","διδάσκω",verb,pres,act,ptcp,"",sg,m,nom
11.2,"","στραφεὶς","","στρέφω",verb,aor,pass,ptcp,"",sg,m,nom
11.2,"","διδάσκῃ","","διδάσκω",verb,pres,act,subj,3,sg,"",""
11.2,"","ἄλλην","","ἄλλος",adj,"","","","",sg,f,acc
11.2,"","διδαχὴν","","διδαχή",noun,"","","","",sg,f,acc
11.2,"","εἰς","","εἰς",prep,"","","","","","",""
11.2,"","τὸ","","ὁ",det,"","","","",sg,n,acc
11.2,"","καταλῦσαι",",","καταλύω",verb,aor,act,inf,"","","",""
11.2,"","μὴ","","μή",ptcl,"","","","","","",""
11.2,"","αὐτοῦ","","αὐτός",pron,"","","","",sg,m,gen
11.2,"","ἀκούσητε","·","ἀκούω",verb,aor,act,subj,2,pl,"",""
11.2,"","εἰς","","εἰς",prep,"","","","","","",""
11.2,"","δὲ","","δέ",ptcl,"","","","","","",""
11.2,"","τὸ","","ὁ",det,"","","","",sg,n,acc
11.2,"","προσθεῖναι","","προστίθημι",verb,aor,act,inf,"","","",""
11.2,"","δικαιοσύνην","","δικαιοσύνη",noun,"","","","",sg,f,acc
11.2,"","καὶ","","καί",conj,"","","","","","",""
11.2,"","γνῶσιν","","γνῶσις",noun,"","","","",sg,f,acc
11.2,"","κυρίου",",","κύριος",noun,"","","","",sg,m,gen
11.2,"","δέξασθε","","δέχομαι",verb,aor,mid,impv,2,pl,"",""
11.2,"","αὐτὸν","","αὐτός",pron,"","","","",sg,m,acc
11.2,"","ὡς","","ὡς",conj,"","","","","","",""
11.2,"","κύριον",.,"κύριος",noun,"","","","",sg,m,acc
11.3,"","Περὶ","","περί",prep,"","","","","","",""
11.3,"","δὲ","","δέ",ptcl,"","","","","","",""
11.3,"","τῶν","","ὁ",det,"","","","",pl,m,gen
11.3,"","ἀποστόλων","","ἀπόστολος",noun,"","","","",pl,m,gen
11.3,"","καὶ","","καί",conj,"","","","","","",""
11.3,"","προφητῶν",",","προφήτης",noun,"","","","",pl,m,gen
11.3,"","κατὰ","","κατά",prep,"","","","","","",""
11.3,"","τὸ","","ὁ",det,"","","","",sg,n,acc
11.3,"","δόγμα","","δόγμα",noun,"","","","",sg,n,acc
11.3,"","τοῦ","","ὁ",det,"","","","",sg,n,gen
11.3,"","εὐαγγελίου","","εὐαγγέλιον",noun,"","","","",sg,n,gen
11.3,"","οὕτω","","οὕτως",adv,"","","","","","",""
11.3,"","ποιήσατε",.,"ποιέω",verb,aor,act,impv,2,pl,"",""
11.4,"","πᾶς","","πᾶς",adj,"","","","",sg,m,nom
11.4,"","δὲ","","δέ",ptcl,"","","","","","",""
11.4,"","ἀπόστολος","","ἀπόστολος",noun,"","","","",sg,m,nom
11.4,"","ἐρχόμενος","","ἔρχομαι",verb,pres,mid,ptcp,"",sg,m,nom
11.4,"","πρὸς","","πρός",prep,"","","","","","",""
11.4,"","ὑμᾶς","","σύ",pron,"","","","",pl,"",acc
11.4,"","δεχθήτω","","δέχομαι",verb,aor,pass,impv,3,sg,"",""
11.4,"","ὡς","","ὡς",adv,"","","","","","",""
11.4,"","κύριος","·","κύριος",noun,"","","","",sg,m,nom
11.5,"","οὐ","","οὐ",ptcl,"","","","","","",""
11.5,"","μενεῖ","","μένω",verb,fut,act,ind,3,sg,"",""
11.5,"","δὲ","","δέ",conj,"","","","","","",""
11.5,"","εἰ","","εἰ",conj,"","","","","","",""
11.5,"","μὴ","","μή",ptcl,"","","","","","",""
11.5,"","ἡμέραν","","ἡμέρα",noun,"","","","",sg,f,acc
11.5,"","μίαν","·","εἷς",adj,"","","","",sg,f,acc
11.5,"","ἐὰν","","ἐάν",conj,"","","","","","",""
11.5,"","δὲ","","δέ",conj,"","","","","","",""
11.5,"","ᾖ","","εἰμί",verb,pres,act,subj,3,sg,"",""
11.5,"","χρεία",",","χρεία",noun,"","","","",sg,f,nom
11.5,"","καὶ","","καί",conj,"","","","","","",""
11.5,"","τὴν","","ὁ",det,"","","","",sg,f,acc
11.5,"","ἄλλην","·","ἄλλος",adj,"","","","",sg,f,acc
11.5,"","τρεῖς","","τρεῖς",num,"","","","",pl,"",acc
11.5,"","δὲ","","δέ",conj,"","","","","","",""
11.5,"","ἐὰν","","ἐάν",conj,"","","","","","",""
11.5,"","μείνῃ",",","μένω",verb,aor,act,subj,3,sg,"",""
11.5,"","ψευδοπροφήτης","","ψευδοπροφήτης",noun,"","","","",sg,m,nom
11.5,"","ἐστίν",.,"εἰμί",verb,pres,act,ind,3,sg,"",""
11.6,"","ἐξερχόμενος","","ἐξέρχομαι",verb,pres,mid,ptcp,"",sg,m,nom
11.6,"","δὲ","","δέ",ptcl,"","","","","","",""
11.6,"","ὁ","","ὁ",det,"","","","",sg,m,nom
11.6,"","ἀπόστολος","","ἀπόστολος",noun,"","","","",sg,m,nom
11.6,"","μηδὲν","","μηδείς",adj,"","","","",sg,n,acc
11.6,"","λαμβανέτω","","λαμβάνω",verb,pres,act,impv,3,sg,"",""
11.6,"","εἰ","","εἰ",conj,"","","","","","",""
11.6,"","μὴ","","μή",ptcl,"","","","","","",""
11.6,"","ἄρτον",",","ἄρτος",noun,"","","","",sg,m,acc
11.6,"","ἕως","","ἕως",conj,"","","","","","",""
11.6,"","οὗ","","ὅς",pron,"","","","",sg,n,gen
11.6,"","αὐλισθῇ","·","αὐλίζομαι",verb,aor,pass,subj,3,sg,"",""
11.6,"","ἐὰν","","ἐάν",conj,"","","","","","",""
11.6,"","δὲ","","δέ",ptcl,"","","","","","",""
11.6,"","ἀργύριον","","ἀργύριον",noun,"","","","",sg,n,acc
11.6,"","αἰτῇ",",","αἰτέω",verb,pres,act,subj,3,sg,"",""
11.6,"","ψευδοπροφήτης","","ψευδοπροφήτης",noun,"","","","",sg,m,nom
11.6,"","ἐστί",.,"εἰμί",verb,pres,act,ind,3,sg,"",""
11.7,"","Καὶ","","καί",conj,"","","","","","",""
11.7,"","πάντα","","πᾶς",adj,"","","","",sg,m,acc
11.7,"","προφήτην","","προφήτης",noun,"","","","",sg,m,acc
11.7,"","λαλοῦντα","","λαλέω",verb,pres,act,ptcp,"",sg,m,acc
11.7,"","ἐν","","ἐν",prep,"","","","","","",""
11.7,"","πνεύματι","","πνεῦμα",noun,"","","","",sg,n,dat
11.7,"","οὐ","","οὐ",ptcl,"","","","","","",""
11.7,"","πειράσετε","","πειράζω",verb,fut,act,ind,2,pl,"",""
11.7,"","οὐδὲ","","οὐδέ",conj,"","","","","","",""
11.7,"","διακρινεῖτε","·","διακρίνω",verb,fut,act,ind,2,pl,"",""
11.7,"","πᾶσα","","πᾶς",adj,"","","","",sg,f,nom
11.7,"","γὰρ","","γάρ",ptcl,"","","","","","",""
11.7,"","ἁμαρτία","","ἁμαρτία",noun,"","","","",sg,f,nom
11.7,"","ἀφεθήσεται",",","ἀφίημι",verb,fut,pass,ind,3,sg,"",""
11.7,"","αὕτη","","οὗτος",pron,"","","","",sg,f,nom
11.7,"","δὲ","","δέ",ptcl,"","","","","","",""
11.7,"","ἡ","","ὁ",det,"","","","",sg,f,nom
11.7,"","ἁμαρτία","","ἁμαρτία",noun,"","","","",sg,f,nom
11.7,"","οὐκ","","οὐ",ptcl,"","","","","","",""
11.7,"","ἀφεθήσεται",.,"ἀφίημι",verb,fut,pass,ind,3,sg,"",""
11.8,"","οὐ","","οὐ",ptcl,"","","","","","",""
11.8,"","πᾶς","","πᾶς",adj,"","","","",sg,m,nom
11.8,"","δὲ","","δέ",conj,"","","","","","",""
11.8,"","ὁ","","ὁ",det,"","","","",sg,m,nom
11.8,"","λαλῶν","","λαλέω",verb,pres,act,ptcp,"",sg,m,nom
11.8,"","ἐν","","ἐν",prep,"","","","","","",""
11.8,"","πνεύματι","","πνεῦμα",noun,"","","","",sg,n,dat
11.8,"","προφήτης","","προφήτης",noun,"","","","",sg,m,nom
11.8,"","ἐστίν",",","εἰμί",verb,pres,act,ind,3,sg,"",""
11.8,"","ἀλλ’","","ἀλλά",conj,"","","","","","",""
11.8,"","ἐὰν","","ἐάν",conj,"","","","","","",""
11.8,"","ἔχῃ","","ἔχω",verb,pres,act,subj,3,sg,"",""
11.8,"","τοὺς","","ὁ",det,"","","","",pl,m,acc
11.8,"","τρόπους","","τρόπος",noun,"","","","",pl,m,acc
11.8,"","κυρίου",.,"κύριος",noun,"","","","",sg,m,gen
11.8,"","ἀπὸ","","ἀπό",prep,"","","","","","",""
11.8,"","οὖν","","οὖν",conj,"","","","","","",""
11.8,"","τῶν","","ὁ",det,"","","","",pl,m,gen
11.8,"","τρόπων","","τρόπος",noun,"","","","",pl,m,gen
11.8,"","γνωσθήσεται","","γινώσκω",verb,fut,pass,ind,3,sg,"",""
11.8,"","ὁ","","ὁ",det,"","","","",sg,m,nom
11.8,"","ψευδοπροφήτης","","ψευδοπροφήτης",noun,"","","","",sg,m,nom
11.8,"","καὶ","","καί",conj,"","","","","","",""
11.8,"","ὁ","","ὁ",det,"","","","",sg,m,nom
11.8,"","προφήτης",.,"προφήτης",noun,"","","","",sg,m,nom
11.9,"","καὶ","","καί",conj,"","","","","","",""
11.9,"","πᾶς","","πᾶς",adj,"","","","",sg,m,nom
11.9,"","προφήτης","","προφήτης",noun,"","","","",sg,m,nom
11.9,"","ὁρίζων","","ὁρίζω",verb,pres,act,ptcp,"",sg,m,nom
11.9,"","τράπεζαν","","τράπεζα",noun,"","","","",sg,f,acc
11.9,"","ἐν","","ἐν",prep,"","","","","","",""
11.9,"","πνεύματι","","πνεῦμα",noun,"","","","",sg,n,dat
11.9,"","οὐ","","οὐ",ptcl,"","","","","","",""
11.9,"","φάγεται","","ἐσθίω",verb,fut,mid,ind,3,sg,"",""
11.9,"","ἀπ’","","ἀπό",prep,"","","","","","",""
11.9,"","αὐτῆς",",","αὐτός",pron,"","","","",sg,f,gen
11.9,"","εἰ","","εἰ",conj,"","","","","","",""
11.9,"","δὲ","","δέ",ptcl,"","","","","","",""
11.9,"","μήγε","","μήγε",ptcl,"","","","","","",""
11.9,"","ψευδοπροφήτης","","ψευδοπροφήτης",noun,"","","","",sg,m,nom
11.9,"","ἐστί",.,"εἰμί",verb,pres,act,ind,3,sg,"",""
11.10,"","πᾶς","","πᾶς",adj,"","","","",sg,m,nom
11.10,"","δὲ","","δέ",ptcl,"","","","","","",""
11.10,"","προφήτης","","προφήτης",noun,"","","","",sg,m,nom
11.10,"","διδάσκων","","διδάσκω",verb,pres,act,ptcp,"",sg,m,nom
11.10,"","τὴν","","ὁ",det,"","","","",sg,f,acc
11.10,"","ἀλήθειαν",",","ἀλήθεια",noun,"","","","",sg,f,acc
11.10,"","εἰ","","εἰ",conj,"","","","","","",""
11.10,"","ἃ","","ὅς",pron,"","","","",pl,n,acc
11.10,"","διδάσκει","","διδάσκω",verb,pres,act,ind,3,sg,"",""
11.10,"","οὐ","","οὐ",ptcl,"","","","","","",""
11.10,"","ποιεῖ",",","ποιέω",verb,pres,act,ind,3,sg,"",""
11.10,"","ψευδοπροφήτης","","ψευδοπροφήτης",noun,"","","","",sg,m,nom
11.10,"","ἐστί",.,"εἰμί",verb,pres,act,ind,3,sg,"",""
11.11,"","πᾶς","","πᾶς",adj,"","","","",sg,m,nom
11.11,"","δὲ","","δέ",ptcl,"","","","","","",""
11.11,"","προφήτης","","προφήτης",noun,"","","","",sg,m,nom
11.11,"","δεδοκιμασμένος",",","δοκιμάζω",verb,perf,pass,ptcp,"",sg,m,nom
11.11,"","ἀληθινός",",","ἀληθινός",adj,"","","","",sg,m,nom
11.11,"","ποιῶν","","ποιέω",verb,pres,act,ptcp,"",sg,m,nom
11.11,"","εἰς","","εἰς",prep,"","","","","","",""
11.11,"","μυστήριον","","μυστήριον",noun,"","","","",sg,n,acc
11.11,"","κοσμικὸν","","κοσμικός",adj,"","","","",sg,n,acc
11.11,"","ἐκκλησίας",",","ἐκκλησία",noun,"","","","",sg,f,gen
11.11,"","μὴ","","μή",ptcl,"","","","","","",""
11.11,"","διδάσκων","","διδάσκω",verb,pres,act,ptcp,"",sg,m,nom
11.11,"","δὲ","","δέ",ptcl,"","","","","","",""
11.11,"","ποιεῖν",",","ποιέω",verb,pres,act,inf,"","","",""
11.11,"","ὅσα","","ὅσος",pron,"","","","",pl,n,acc
11.11,"","αὐτὸς","","αὐτός",pron,"","","","",sg,m,nom
11.11,"","ποιεῖ",",","ποιέω",verb,pres,act,ind,3,sg,"",""
11.11,"","οὐ","","οὐ",ptcl,"","","","","","",""
11.11,"","κριθήσεται","","κρίνω",verb,fut,pass,ind,3,sg,"",""
11.11,"","ἐφ’","","ἐπί",prep,"","","","","","",""
11.11,"","ὑμῶν","·","σύ",pron,"","","","",pl,"",gen
11.11,"","μετὰ","","μετά",prep,"","","","","","",""
11.11,"","θεοῦ","","θεός",noun,"","","","",sg,m,gen
11.11,"","γὰρ","","γάρ",ptcl,"","","","","","",""
11.11,"","ἔχει","","ἔχω",verb,pres,act,ind,3,sg,"",""
11.11,"","τὴν","","ὁ",det,"","","","",sg,f,acc
11.11,"","κρίσιν","·","κρίσις",noun,"","","","",sg,f,acc
11.11,"","ὡσαύτως","","ὡσαύτως",adv,"","","","","","",""
11.11,"","γὰρ","","γάρ",ptcl,"","","","","","",""
11.11,"","ἐποίησαν","","ποιέω",verb,aor,act,ind,3,pl,"",""
11.11,"","καὶ","","καί",conj,"","","","","","",""
11.11,"","οἱ","","ὁ",det,"","","","",pl,m,nom
11.11,"","ἀρχαῖοι","","ἀρχαῖος",adj,"","","","",pl,m,nom
11.11,"","προφῆται",.,"προφήτης",noun,"","","","",pl,m,nom
11.12,"","ὃς","","ὅς",pron,"","","","",sg,m,nom
11.12,"","δ’","","δέ",ptcl,"","","","","","",""
11.12,"","ἂν","","ἄν",ptcl,"","","","","","",""
11.12,"","εἴπῃ","","εἶπον",verb,aor,act,subj,3,sg,"",""
11.12,"","ἐν","","ἐν",prep,"","","","","","",""
11.12,"","πνεύματι","·","πνεῦμα",noun,"","","","",sg,n,dat
11.12,"","δός","","δίδωμι",verb,aor,act,impv,2,sg,"",""
11.12,"","μοι","","ἐγώ",pron,"","","","",sg,"",dat
11.12,"","ἀργύρια","","ἀργύριον",noun,"","","","",pl,n,acc
11.12,"","ἢ","","ἤ",conj,"","","","","","",""
11.12,"","ἕτερά","","ἕτερος",adj,"","","","",pl,n,acc
11.12,"","τινα",",","τις",pron,"","","","",pl,n,acc
11.12,"","οὐκ","","οὐ",ptcl,"","","","","","",""
11.12,"","ἀκούσεσθε","","ἀκούω",verb,fut,mid,ind,2,pl,"",""
11.12,"","αὐτοῦ","·","αὐτός",pron,"","","","",sg,m,gen
11.12,"","ἐὰν","","ἐάν",conj,"","","","","","",""
11.12,"","δὲ","","δέ",ptcl,"","","","","","",""
11.12,"","περὶ","","περί",prep,"","","","","","",""
11.12,"","ἄλλων","","ἄλλος",adj,"","","","",pl,m,gen
11.12,"","ὑστερούντων","","ὑστερέω",verb,pres,act,ptcp,"",pl,m,gen
11.12,"","εἴπῃ","","εἶπον",verb,aor,act,subj,3,sg,"",""
11.12,"","δοῦναι",",","δίδωμι",verb,aor,act,inf,"","","",""
11.12,"","μηδεὶς","","μηδείς",adj,"","","","",sg,m,nom
11.12,"","αὐτὸν","","αὐτός",pron,"","","","",sg,m,acc
11.12,"","κρινέτω",.,"κρίνω",verb,pres,act,impv,3,sg,"",""
12.1,"","Πᾶς","","πᾶς",adj,"","","","",sg,m,nom
12.1,"","δὲ","","δέ",ptcl,"","","","","","",""
12.1,"","ὁ","","ὁ",det,"","","","",sg,m,nom
12.1,"","ἐρχόμενος","","ἔρχομαι",verb,pres,mid,ptcp,"",sg,m,nom
12.1,"","ἐν","","ἐν",prep,"","","","","","",""
12.1,"","ὀνόματι","","ὄνομα",noun,"","","","",sg,n,dat
12.1,"","κυρίου","","κύριος",noun,"","","","",sg,m,gen
12.1,"","δεχθήτω","·","δέχομαι",verb,aor,pass,impv,3,sg,"",""
12.1,"","ἔπειτα","","ἔπειτα",adv,"","","","","","",""
12.1,"","δὲ","","δέ",ptcl,"","","","","","",""
12.1,"","δοκιμάσαντες","","δοκιμάζω",verb,aor,act,ptcp,"",pl,m,nom
12.1,"","αὐτὸν","","αὐτός",pron,"","","","",sg,m,acc
12.1,"","γνώσεσθε",",","γινώσκω",verb,fut,mid,ind,2,pl,"",""
12.1,"","σύνεσιν","","σύνεσις",noun,"","","","",sg,f,acc
12.1,"","γὰρ","","γάρ",ptcl,"","","","","","",""
12.1,"","ἕξετε","","ἔχω",verb,fut,act,ind,2,pl,"",""
12.1,"","δεξιὰν","","δεξιός",adj,"","","","",sg,f,acc
12.1,"","καὶ","","καί",conj,"","","","","","",""
12.1,"","ἀριστεράν",.,"ἀριστερός",adj,"","","","",sg,f,acc
12.2,"","εἰ","","εἰ",conj,"","","","","","",""
12.2,"","μὲν","","μέν",ptcl,"","","","","","",""
12.2,"","παρόδιός","","παρόδιος",adj,"","","","",sg,m,nom
12.2,"","ἐστιν","","εἰμί",verb,pres,act,ind,3,sg,"",""
12.2,"","ὁ","","ὁ",det,"","","","",sg,m,nom
12.2,"","ἐρχόμενος",",","ἔρχομαι",verb,pres,mid,ptcp,"",sg,m,nom
12.2,"","βοηθεῖτε","","βοηθέω",verb,pres,act,impv,2,pl,"",""
12.2,"","αὐτῷ",",","αὐτός",pron,"","","","",sg,m,dat
12.2,"","ὅσον","","ὅσος",pron,"","","","",sg,n,acc
12.2,"","δύνασθε","·","δύναμαι",verb,pres,mid,ind,2,pl,"",""
12.2,"","οὐ","","οὐ",ptcl,"","","","","","",""
12.2,"","μενεῖ","","μένω",verb,fut,act,ind,3,sg,"",""
12.2,"","δὲ","","δέ",ptcl,"","","","","","",""
12.2,"","πρὸς","","πρός",prep,"","","","","","",""
12.2,"","ὑμᾶς","","σύ",pron,"","","","",pl,"",acc
12.2,"","εἰ","","εἰ",conj,"","","","","","",""
12.2,"","μὴ","","μή",ptcl,"","","","","","",""
12.2,"","δύο","","δύο",num,"","","","","","",""
12.2,"","ἢ","","ἤ",conj,"","","","","","",""
12.2,"","τρεῖς","","τρεῖς",num,"","","","","","",""
12.2,"","ἡμέρας",",","ἡμέρα",noun,"","","","",pl,f,acc
12.2,"","ἐὰν","","ἐάν",conj,"","","","","","",""
12.2,"","ᾖ","","εἰμί",verb,pres,act,subj,3,sg,"",""
12.2,"","ἀνάγκη",.,"ἀνάγκη",noun,"","","","",sg,f,nom
12.3,"","εἰ","","εἰ",conj,"","","","","","",""
12.3,"","δὲ","","δέ",ptcl,"","","","","","",""
12.3,"","θέλει","","θέλω",verb,pres,act,ind,3,sg,"",""
12.3,"","πρὸς","","πρός",prep,"","","","","","",""
12.3,"","ὑμᾶς","","σύ",pron,"","","","",pl,"",acc
12.3,"","καθῆσθαι",",","κάθημαι",verb,pres,mid,inf,"","","",""
12.3,"","τεχνίτης","","τεχνίτης",noun,"","","","",sg,m,nom
12.3,"","ὤν",",","εἰμί",verb,pres,act,ptcp,"",sg,m,nom
12.3,"","ἐργαζέσθω","","ἐργάζομαι",verb,pres,mid,impv,3,sg,"",""
12.3,"","καὶ","","καί",conj,"","","","","","",""
12.3,"","φαγέτω",.,"ἐσθίω",verb,aor,act,impv,3,sg,"",""
12.4,"","εἰ","","εἰ",conj,"","","","","","",""
12.4,"","δὲ","","δέ",ptcl,"","","","","","",""
12.4,"","οὐκ","","οὐ",ptcl,"","","","","","",""
12.4,"","ἔχει","","ἔχω",verb,pres,act,ind,3,sg,"",""
12.4,"","τέχνην",",","τέχνη",noun,"","","","",sg,f,acc
12.4,"","κατὰ","","κατά",prep,"","","","","","",""
12.4,"","τὴν","","ὁ",det,"","","","",sg,f,acc
12.4,"","σύνεσιν","","σύνεσις",noun,"","","","",sg,f,acc
12.4,"","ὑμῶν","","σύ",pron,"","","","",pl,"",gen
12.4,"","προνοήσατε",",","προνοέω",verb,aor,mid,impv,2,pl,"",""
12.4,"","πῶς","","πῶς",adv,"","","","","","",""
12.4,"","μὴ","","μή",ptcl,"","","","","","",""
12.4,"","ἀργὸς","","ἀργός",adj,"","","","",sg,m,nom
12.4,"","μεθ’","","μετά",prep,"","","","","","",""
12.4,"","ὑμῶν","","σύ",pron,"","","","",pl,"",gen
12.4,"","ζήσεται","","ζάω",verb,fut,mid,ind,3,sg,"",""
12.4,"","Χριστιανός",.,"Χριστιανός",noun,"","","","",sg,m,nom
12.5,"","εἰ","","εἰ",conj,"","","","","","",""
12.5,"","δ’","","δέ",ptcl,"","","","","","",""
12.5,"","οὐ","","οὐ",ptcl,"","","","","","",""
12.5,"","θέλει","","θέλω",verb,pres,act,ind,3,sg,"",""
12.5,"","οὕτω","","οὕτω",adv,"","","","","","",""
12.5,"","ποιεῖν",",","ποιέω",verb,pres,act,inf,"","","",""
12.5,"","χριστέμπορός","","χριστέμπορος",noun,"","","","",sg,m,nom
12.5,"","ἐστι","·","εἰμί",verb,pres,act,ind,3,sg,"",""
12.5,"","προσέχετε","","προσέχω",verb,pres,act,impv,2,pl,"",""
12.5,"","ἀπὸ","","ἀπό",prep,"","","","","","",""
12.5,"","τῶν","","ὁ",det,"","","","",pl,m,gen
12.5,"","τοιούτων",.,"τοιοῦτος",adj,"","","","",pl,m,gen
13.1,"","Πᾶς","","πᾶς",adj,"","","","",sg,m,nom
13.1,"","δὲ","","δέ",ptcl,"","","","","","",""
13.1,"","προφήτης","","προφήτης",noun,"","","","",sg,m,nom
13.1,"","ἀληθινὸς","","ἀληθινός",adj,"","","","",sg,m,nom
13.1,"","θέλων","","θέλω",verb,pres,act,ptcp,"",sg,m,nom
13.1,"","καθῆσθαι","","κάθημαι",verb,pres,mid,inf,"","","",""
13.1,"","πρὸς","","πρός",prep,"","","","","","",""
13.1,"","ὑμᾶς","","σύ",pron,"","","","",pl,"",acc
13.1,"","ἄξιός","","ἄξιος",adj,"","","","",sg,m,nom
13.1,"","ἐστι","","εἰμί",verb,pres,act,ind,3,sg,"",""
13.1,"","τῆς","","ὁ",det,"","","","",sg,f,gen
13.1,"","τροφῆς","","τροφή",noun,"","","","",sg,f,gen
13.1,"","αὐτοῦ",.,"αὐτός",pron,"","","","",sg,m,gen
13.2,"","ὡσαύτως","","ὡσαύτως",adv,"","","","","","",""
13.2,"","διδάσκαλος","","διδάσκαλος",noun,"","","","",sg,m,nom
13.2,"","ἀληθινός","","ἀληθινός",adj,"","","","",sg,m,nom
13.2,"","ἐστιν","","εἰμί",verb,pres,act,ind,3,sg,"",""
13.2,"","ἄξιος","","ἄξιος",adj,"","","","",sg,m,nom
13.2,"","καὶ","","καί",conj,"","","","","","",""
13.2,"","αὐτὸς","","αὐτός",pron,"","","","",sg,m,nom
13.2,"","ὥσπερ","","ὥσπερ",conj,"","","","","","",""
13.2,"","ὁ","","ὁ",det,"","","","",sg,m,nom
13.2,"","ἐργάτης","","ἐργάτης",noun,"","","","",sg,m,nom
13.2,"","τῆς","","ὁ",det,"","","","",sg,f,gen
13.2,"","τροφῆς","","τροφή",noun,"","","","",sg,f,gen
13.2,"","αὐτοῦ",.,"αὐτός",pron,"","","","",sg,m,gen
13.3,"","πᾶσαν","","πᾶς",adj,"","","","",sg,f,acc
13.3,"","οὖν","","οὖν",ptcl,"","","","","","",""
13.3,"","ἀπαρχὴν","","ἀπαρχή",noun,"","","","",sg,f,acc
13.3,"","γεννημάτων","","γέννημα",noun,"","","","",pl,n,gen
13.3,"","ληνοῦ","","ληνός",noun,"","","","",sg,f,gen
13.3,"","καὶ","","καί",conj,"","","","","","",""
13.3,"","ἅλωνος",",","ἅλων",noun,"","","","",sg,f,gen
13.3,"","βοῶν","","βοῦς",noun,"","","","",pl,m,gen
13.3,"","τε","","τε",ptcl,"","","","","","",""
13.3,"","καὶ","","καί",conj,"","","","","","",""
13.3,"","προβάτων","","πρόβατον",noun,"","","","",pl,n,gen
13.3,"","λαβὼν","","λαμβάνω",verb,aor,act,ptcp,"",sg,m,nom
13.3,"","δώσεις","","δίδωμι",verb,fut,act,ind,2,sg,"",""
13.3,"","τὴν","","ὁ",det,"","","","",sg,f,acc
13.3,"","ἀπαρχὴν","","ἀπαρχή",noun,"","","","",sg,f,acc
13.3,"","τοῖς","","ὁ",det,"","","","",pl,m,dat
13.3,"","προφήταις","·","προφήτης",noun,"","","","",pl,m,dat
13.3,"","αὐτοὶ","","αὐτός",pron,"","","","",pl,m,nom
13.3,"","γάρ","","γάρ",ptcl,"","","","","","",""
13.3,"","εἰσιν","","εἰμί",verb,pres,act,ind,3,pl,"",""
13.3,"","οἱ","","ὁ",det,"","","","",pl,m,nom
13.3,"","ἀρχιερεῖς","","ἀρχιερεύς",noun,"","","","",pl,m,nom
13.3,"","ὑμῶν",.,"σύ",pron,"","","","",pl,m,gen
13.4,"","ἐὰν","","ἐάν",conj,"","","","","","",""
13.4,"","δὲ","","δέ",ptcl,"","","","","","",""
13.4,"","μὴ","","μή",ptcl,"","","","","","",""
13.4,"","ἔχητε","","ἔχω",verb,pres,act,subj,2,pl,"",""
13.4,"","προφήτην",",","προφήτης",noun,"","","","",sg,m,acc
13.4,"","δότε","","δίδωμι",verb,aor,act,impv,2,pl,"",""
13.4,"","τοῖς","","ὁ",det,"","","","",pl,m,dat
13.4,"","πτωχοῖς",.,"πτωχός",adj,"","","","",pl,m,dat
13.5,"","ἐὰν","","ἐάν",conj,"","","","","","",""
13.5,"","σιτίαν","","σιτία",noun,"","","","",sg,f,acc
13.5,"","ποιῇς",",","ποιέω",verb,pres,act,subj,2,sg,"",""
13.5,"","τὴν","","ὁ",det,"","","","",sg,f,acc
13.5,"","ἀπαρχὴν","","ἀπαρχή",noun,"","","","",sg,f,acc
13.5,"","λαβὼν","","λαμβάνω",verb,aor,act,ptcp,"",sg,m,nom
13.5,"","δὸς","","δίδωμι",verb,aor,act,impv,2,sg,"",""
13.5,"","κατὰ","","κατά",prep,"","","","","","",""
13.5,"","τὴν","","ὁ",det,"","","","",sg,f,acc
13.5,"","ἐντολήν",.,"ἐντολή",noun,"","","","",sg,f,acc
13.6,"","ὡσαύτως","","ὡσαύτως",adv,"","","","","","",""
13.6,"","κεράμιον","","κεράμιον",noun,"","","","",sg,n,acc
13.6,"","οἴνου","","οἶνος",noun,"","","","",sg,m,gen
13.6,"","ἢ","","ἤ",conj,"","","","","","",""
13.6,"","ἐλαίου","","ἔλαιον",noun,"","","","",sg,n,gen
13.6,"","ἀνοίξας",",","ἀνοίγω",verb,aor,act,ptcp,"",sg,m,nom
13.6,"","τὴν","","ὁ",det,"","","","",sg,f,acc
13.6,"","ἀπαρχὴν","","ἀπαρχή",noun,"","","","",sg,f,acc
13.6,"","λαβὼν","","λαμβάνω",verb,aor,act,ptcp,"",sg,m,nom
13.6,"","δὸς","","δίδωμι",verb,aor,act,impv,2,sg,"",""
13.6,"","τοῖς","","ὁ",det,"","","","",pl,m,dat
13.6,"","προφήταις","·","προφήτης",noun,"","","","",pl,m,dat
13.7,"","ἀργυρίου","","ἀργύριον",noun,"","","","",sg,n,gen
13.7,"","δὲ","","δέ",ptcl,"","","","","","",""
13.7,"","καὶ","","καί",conj,"","","","","","",""
13.7,"","ἱματισμοῦ","","ἱματισμός",noun,"","","","",sg,m,gen
13.7,"","καὶ","","καί",conj,"","","","","","",""
13.7,"","παντὸς","","πᾶς",adj,"","","","",sg,n,gen
13.7,"","κτήματος","","κτῆμα",noun,"","","","",sg,n,gen
13.7,"","λαβὼν","","λαμβάνω",verb,aor,act,ptcp,"",sg,m,nom
13.7,"","τὴν","","ὁ",det,"","","","",sg,f,acc
13.7,"","ἀπαρχήν",",","ἀπαρχή",noun,"","","","",sg,f,acc
13.7,"","ὡς","","ὡς",conj,"","","","","","",""
13.7,"","ἄν","","ἄν",ptcl,"","","","","","",""
13.7,"","σοι","","σύ",pron,"","","","",sg,"",dat
13.7,"","δόξῃ",",","δοκέω",verb,aor,pass,subj,3,sg,"",""
13.7,"","δὸς","","δίδωμι",verb,aor,act,impv,2,sg,"",""
13.7,"","κατὰ","","κατά",prep,"","","","","","",""
13.7,"","τὴν","","ὁ",det,"","","","",sg,f,acc
13.7,"","ἐντολήν",.,"ἐντολή",noun,"","","","",sg,f,acc
14.1,"","Κατὰ","","κατά",prep,"","","","","","",""
14.1,"","κυριακὴν","","κυριακός",adj,"","","","",sg,f,acc
14.1,"","δὲ","","δέ",ptcl,"","","","","","",""
14.1,"","κυρίου","","κύριος",noun,"","","","",sg,m,gen
14.1,"","συναχθέντες","","συνάγω",verb,aor,pass,ptcp,"",pl,m,nom
14.1,"","κλάσατε","","κλάω",verb,aor,act,impv,2,pl,"",""
14.1,"","ἄρτον","","ἄρτος",noun,"","","","",sg,m,acc
14.1,"","καὶ","","καί",conj,"","","","","","",""
14.1,"","εὐχαριστήσατε",",","εὐχαριστέω",verb,aor,act,impv,2,pl,"",""
14.1,"","προεξομολογησάμενοι","","προεξομολογέομαι",verb,aor,mid,ptcp,"",pl,m,nom
14.1,"","τὰ","","ὁ",det,"","","","",pl,n,acc
14.1,"","παραπτώματα","","παράπτωμα",noun,"","","","",pl,n,acc
14.1,"","ὑμῶν",",","σύ",pron,"","","","",pl,m,gen
14.1,"","ὅπως","","ὅπως",conj,"","","","","","",""
14.1,"","καθαρὰ","","καθαρός",adj,"","","","",sg,f,nom
14.1,"","ἡ","","ὁ",det,"","","","",sg,f,nom
14.1,"","θυσία","","θυσία",noun,"","","","",sg,f,nom
14.1,"","ὑμῶν","","σύ",pron,"","","","",pl,m,gen
14.1,"","ᾖ",.,"εἰμί",verb,pres,act,subj,3,sg,"",""
14.2,"","πᾶς","","πᾶς",adj,"","","","",sg,m,nom
14.2,"","δὲ","","δέ",ptcl,"","","","","","",""
14.2,"","ἔχων","","ἔχω",verb,pres,act,ptcp,"",sg,m,nom
14.2,"","τὴν","","ὁ",det,"","","","",sg,f,acc
14.2,"","ἀμφιβολίαν","","ἀμφιβολία",noun,"","","","",sg,f,acc
14.2,"","μετὰ","","μετά",prep,"","","","","","",""
14.2,"","τοῦ","","ὁ",det,"","","","",sg,m,gen
14.2,"","ἑταίρου","","ἑταῖρος",noun,"","","","",sg,m,gen
14.2,"","αὐτοῦ","","αὐτός",pron,"","","","",sg,m,gen
14.2,"","μὴ","","μή",ptcl,"","","","","","",""
14.2,"","συνελθέτω","","συνέρχομαι",verb,aor,act,impv,3,sg,"",""
14.2,"","ὑμῖν",",","σύ",pron,"","","","",pl,"",dat
14.2,"","ἕως","","ἕως",conj,"","","","","","",""
14.2,"","οὗ","","ὅς",pron,"","","","",sg,n,gen
14.2,"","διαλλαγῶσιν",",","διαλλάσσω",verb,aor,pass,subj,3,pl,"",""
14.2,"","ἵνα","","ἵνα",conj,"","","","","","",""
14.2,"","μὴ","","μή",ptcl,"","","","","","",""
14.2,"","κοινωθῇ","","κοινόω",verb,aor,pass,subj,3,sg,"",""
14.2,"","ἡ","","ὁ",det,"","","","",sg,f,nom
14.2,"","θυσία","","θυσία",noun,"","","","",sg,f,nom
14.2,"","ὑμῶν",.,"σύ",pron,"","","","",pl,"",gen
14.3,"","αὕτη","","οὗτος",pron,"","","","",sg,f,nom
14.3,"","γάρ","","γάρ",ptcl,"","","","","","",""
14.3,"","ἐστιν","","εἰμί",verb,pres,act,ind,3,sg,"",""
14.3,"","ἡ","","ὁ",det,"","","","",sg,f,nom
14.3,"","ῥηθεῖσα","","λέγω",verb,aor,pass,ptcp,"",sg,f,nom
14.3,"","ὑπὸ","","ὑπό",prep,"","","","","","",""
14.3,"","κυρίου","·","κύριος",noun,"","","","",sg,m,gen
14.3,"","Ἐν","","ἐν",prep,"","","","","","",""
14.3,"","παντὶ","","πᾶς",adj,"","","","",sg,m,dat
14.3,"","τόπῳ","","τόπος",noun,"","","","",sg,m,dat
14.3,"","καὶ","","καί",conj,"","","","","","",""
14.3,"","χρόνῳ","","χρόνος",noun,"","","","",sg,m,dat
14.3,"","προσφέρειν","","προσφέρω",verb,pres,act,inf,"","","",""
14.3,"","μοι","","ἐγώ",pron,"","","","",sg,"",dat
14.3,"","θυσίαν","","θυσία",noun,"","","","",sg,f,acc
14.3,"","καθαράν",.,"καθαρός",adj,"","","","",sg,f,acc
14.3,"","ὅτι","","ὅτι",conj,"","","","","","",""
14.3,"","βασιλεὺς","","βασιλεύς",noun,"","","","",sg,m,nom
14.3,"","μέγας","","μέγας",adj,"","","","",sg,m,nom
14.3,"","εἰμί",",","εἰμί",verb,pres,act,ind,1,sg,"",""
14.3,"","λέγει","","λέγω",verb,pres,act,ind,3,sg,"",""
14.3,"","κύριος",",","κύριος",noun,"","","","",sg,m,nom
14.3,"","καὶ","","καί",conj,"","","","","","",""
14.3,"","τὸ","","ὁ",det,"","","","",sg,n,nom
14.3,"","ὄνομά","","ὄνομα",noun,"","","","",sg,n,nom
14.3,"","μου","","ἐγώ",pron,"","","","",sg,"",gen
14.3,"","θαυμαστὸν","","θαυμαστός",adj,"","","","",sg,n,nom
14.3,"","ἐν","","ἐν",prep,"","","","","","",""
14.3,"","τοῖς","","ὁ",det,"","","","",pl,n,dat
14.3,"","ἔθνεσι",.,"ἔθνος",noun,"","","","",pl,n,dat
15.1,"","Χειροτονήσατε","","χειροτονέω",verb,aor,act,impv,2,pl,"",""
15.1,"","οὖν","","οὖν",ptcl,"","","","","","",""
15.1,"","ἑαυτοῖς","","ἑαυτοῦ",pron,"","","","",pl,"",dat
15.1,"","ἐπισκόπους","","ἐπίσκοπος",noun,"","","","",pl,m,acc
15.1,"","καὶ","","καί",conj,"","","","","","",""
15.1,"","διακόνους","","διάκονος",noun,"","","","",pl,m,acc
15.1,"","ἀξίους","","ἄξιος",adj,"","","","",pl,m,acc
15.1,"","τοῦ","","ὁ",det,"","","","",sg,m,gen
15.1,"","κυρίου",",","κύριος",noun,"","","","",sg,m,gen
15.1,"","ἄνδρας","","ἀνήρ",noun,"","","","",pl,m,acc
15.1,"","πραεῖς","","πραΰς",adj,"","","","",pl,m,acc
15.1,"","καὶ","","καί",conj,"","","","","","",""
15.1,"","ἀφιλαργύρους","","ἀφιλάργυρος",adj,"","","","",pl,m,acc
15.1,"","καὶ","","καί",conj,"","","","","","",""
15.1,"","ἀληθεῖς","","ἀληθής",adj,"","","","",pl,m,acc
15.1,"","καὶ","","καί",conj,"","","","","","",""
15.1,"","δεδοκιμασμένους","·","δοκιμάζω",verb,perf,pass,ptcp,"",pl,m,acc
15.1,"","ὑμῖν","","σύ",pron,"","","","",pl,"",dat
15.1,"","γὰρ","","γάρ",ptcl,"","","","","","",""
15.1,"","λειτουργοῦσι","","λειτουργέω",verb,pres,act,ind,3,pl,"",""
15.1,"","καὶ","","καί",conj,"","","","","","",""
15.1,"","αὐτοὶ","","αὐτός",pron,"","","","",pl,m,nom
15.1,"","τὴν","","ὁ",det,"","","","",sg,f,acc
15.1,"","λειτουργίαν","","λειτουργία",noun,"","","","",sg,f,acc
15.1,"","τῶν","","ὁ",det,"","","","",pl,m,gen
15.1,"","προφητῶν","","προφήτης",noun,"","","","",pl,m,gen
15.1,"","καὶ","","καί",conj,"","","","","","",""
15.1,"","διδασκάλων",.,"διδάσκαλος",noun,"","","","",pl,m,gen
15.2,"","μὴ","","μή",ptcl,"","","","","","",""
15.2,"","οὖν","","οὖν",ptcl,"","","","","","",""
15.2,"","ὑπερίδητε","","ὑπεροράω",verb,aor,act,subj,2,pl,"",""
15.2,"","αὐτούς","·","αὐτός",pron,"","","","",pl,m,acc
15.2,"","αὐτοὶ","","αὐτός",pron,"","","","",pl,m,nom
15.2,"","γάρ","","γάρ",ptcl,"","","","","","",""
15.2,"","εἰσιν","","εἰμί",verb,pres,act,ind,3,pl,"",""
15.2,"","οἱ","","ὁ",det,"","","","",pl,m,nom
15.2,"","τετιμημένοι","","τιμάω",verb,perf,midpass,ptcp,"",pl,m,nom
15.2,"","ὑμῶν","","σύ",pron,"","","","",pl,"",gen
15.2,"","μετὰ","","μετά",prep,"","","","","","",""
15.2,"","τῶν","","ὁ",det,"","","","",pl,m,gen
15.2,"","προφητῶν","","προφήτης",noun,"","","","",pl,m,gen
15.2,"","καὶ","","καί",conj,"","","","","","",""
15.2,"","διδασκάλων",.,"διδάσκαλος",noun,"","","","",pl,m,gen
15.3,"","Ἐλέγχετε","","ἐλέγχω",verb,pres,act,impv,2,pl,"",""
15.3,"","δὲ","","δέ",conj,"","","","","","",""
15.3,"","ἀλλήλους","","ἀλλήλων",pron,"","","","",pl,"",acc
15.3,"","μὴ","","μή",ptcl,"","","","","","",""
15.3,"","ἐν","","ἐν",prep,"","","","","","",""
15.3,"","ὀργῇ",",","ὀργή",noun,"","","","",sg,f,dat
15.3,"","ἀλλ’","","ἀλλά",conj,"","","","","","",""
15.3,"","ἐν","","ἐν",prep,"","","","","","",""
15.3,"","εἰρήνῃ","","εἰρήνη",noun,"","","","",sg,f,dat
15.3,"","ὡς","","ὡς",conj,"","","","","","",""
15.3,"","ἔχετε","","ἔχω",verb,pres,act,ind,2,pl,"",""
15.3,"","ἐν","","ἐν",prep,"","","","","","",""
15.3,"","τῷ","","ὁ",det,"","","","",sg,n,dat
15.3,"","εὐαγγελίῳ","·","εὐαγγέλιον",noun,"","","","",sg,n,dat
15.3,"","καὶ","","καί",conj,"","","","","","",""
15.3,"","παντὶ","","πᾶς",adj,"","","","",sg,m,dat
15.3,"","ἀστοχοῦντι","","ἀστοχέω",verb,pres,act,ptcp,"",sg,m,dat
15.3,"","κατὰ","","κατά",prep,"","","","","","",""
15.3,"","τοῦ","","ὁ",det,"","","","",sg,m,gen
15.3,"","ἑτέρου","","ἕτερος",adj,"","","","",sg,m,gen
15.3,"","μηδεὶς","","μηδείς",adj,"","","","",sg,m,nom
15.3,"","λαλείτω","","λαλέω",verb,pres,act,impv,3,sg,"",""
15.3,"","μηδὲ","","μηδέ",conj,"","","","","","",""
15.3,"","παρ’","","παρά",prep,"","","","","","",""
15.3,"","ὑμῶν","","σύ",pron,"","","","",pl,"",gen
15.3,"","ἀκουέτω",",","ἀκούω",verb,pres,act,impv,3,sg,"",""
15.3,"","ἕως","","ἕως",conj,"","","","","","",""
15.3,"","οὗ","","ὅς",pron,"","","","",sg,n,gen
15.3,"","μετανοήσῃ",.,"μετανοέω",verb,aor,act,subj,3,sg,"",""
15.4,"","τὰς","","ὁ",det,"","","","",pl,f,acc
15.4,"","δὲ","","δέ",ptcl,"","","","","","",""
15.4,"","εὐχὰς","","εὐχή",noun,"","","","",pl,f,acc
15.4,"","ὑμῶν","","σύ",pron,"","","","",pl,"",gen
15.4,"","καὶ","","καί",conj,"","","","","","",""
15.4,"","τὰς","","ὁ",det,"","","","",pl,f,acc
15.4,"","ἐλεημοσύνας","","ἐλεημοσύνη",noun,"","","","",pl,f,acc
15.4,"","καὶ","","καί",conj,"","","","","","",""
15.4,"","πάσας","","πᾶς",adj,"","","","",pl,f,acc
15.4,"","τὰς","","ὁ",det,"","","","",pl,f,acc
15.4,"","πράξεις","","πρᾶξις",noun,"","","","",pl,f,acc
15.4,"","οὕτω","","οὕτως",adv,"","","","","","",""
15.4,"","ποιήσατε",",","ποιέω",verb,aor,act,impv,2,pl,"",""
15.4,"","ὡς","","ὡς",conj,"","","","","","",""
15.4,"","ἔχετε","","ἔχω",verb,pres,act,ind,2,pl,"",""
15.4,"","ἐν","","ἐν",prep,"","","","","","",""
15.4,"","τῷ","","ὁ",det,"","","","",sg,n,dat
15.4,"","εὐαγγελίῳ","","εὐαγγέλιον",noun,"","","","",sg,n,dat
15.4,"","τοῦ","","ὁ",det,"","","","",sg,m,gen
15.4,"","κυρίου","","κύριος",noun,"","","","",sg,m,gen
15.4,"","ἡμῶν",.,"ἐγώ",pron,"","","","",pl,"",gen
16.1,"","Γρηγορεῖτε","","γρηγορέω",verb,pres,act,impv,2,pl,"",""
16.1,"","ὑπὲρ","","ὑπέρ",prep,"","","","","","",""
16.1,"","τῆς","","ὁ",det,"","","","",sg,f,gen
16.1,"","ζωῆς","","ζωή",noun,"","","","",sg,f,gen
16.1,"","ὑμῶν","·","σύ",pron,"","","","",pl,"",gen
16.1,"","οἱ","","ὁ",det,"","","","",pl,m,nom
16.1,"","λύχνοι","","λύχνος",noun,"","","","",pl,m,nom
16.1,"","ὑμῶν","","σύ",pron,"","","","",pl,"",gen
16.1,"","μὴ","","μή",ptcl,"","","","","","",""
16.1,"","σβεσθήτωσαν",",","σβέννυμι",verb,aor,pass,impv,3,pl,"",""
16.1,"","καὶ","","καί",conj,"","","","","","",""
16.1,"","αἱ","","ὁ",det,"","","","",pl,f,nom
16.1,"","ὀσφύες","","ὀσφύς",noun,"","","","",pl,f,nom
16.1,"","ὑμῶν","","σύ",pron,"","","","",pl,"",gen
16.1,"","μὴ","","μή",ptcl,"","","","","","",""
16.1,"","ἐκλυέσθωσαν",",","ἐκλύω",verb,pres,pass,impv,3,pl,"",""
16.1,"","ἀλλὰ","","ἀλλά",conj,"","","","","","",""
16.1,"","γίνεσθε","","γίνομαι",verb,pres,mid,impv,2,pl,"",""
16.1,"","ἕτοιμοι","·","ἑτοῖμος",adj,"","","","",pl,m,nom
16.1,"","οὐ","","οὐ",ptcl,"","","","","","",""
16.1,"","γὰρ","","γάρ",ptcl,"","","","","","",""
16.1,"","οἴδατε","","οἶδα",verb,perf,act,ind,2,pl,"",""
16.1,"","τὴν","","ὁ",det,"","","","",sg,f,acc
16.1,"","ὥραν",",","ὥρα",noun,"","","","",sg,f,acc
16.1,"","ἐν","","ἐν",prep,"","","","","","",""
16.1,"","ᾗ","","ὅς",pron,"","","","",sg,f,dat
16.1,"","ὁ","","ὁ",det,"","","","",sg,m,nom
16.1,"","κύριος","","κύριος",noun,"","","","",sg,m,nom
16.1,"","ἡμῶν","","ἐγώ",pron,"","","","",pl,"",gen
16.1,"","ἔρχεται",.,"ἔρχομαι",verb,pres,mid,ind,3,sg,"",""
16.2,"","πυκνῶς","","πυκνός",adv,"","","","","","",""
16.2,"","δὲ","","δέ",ptcl,"","","","","","",""
16.2,"","συναχθήσεσθε","","συνάγω",verb,fut,pass,ind,2,pl,"",""
16.2,"","ζητοῦντες","","ζητέω",verb,pres,act,ptcp,"",pl,m,nom
16.2,"","τὰ","","ὁ",det,"","","","",pl,n,acc
16.2,"","ἀνήκοντα","","ἀνήκω",verb,pres,act,ptcp,"",pl,n,acc
16.2,"","ταῖς","","ὁ",det,"","","","",pl,f,dat
16.2,"","ψυχαῖς","","ψυχή",noun,"","","","",pl,f,dat
16.2,"","ὑμῶν","·","σύ",pron,"","","","",pl,"",gen
16.2,"","οὐ","","οὐ",ptcl,"","","","","","",""
16.2,"","γὰρ","","γάρ",ptcl,"","","","","","",""
16.2,"","ὠφελήσει","","ὠφελέω",verb,fut,act,ind,3,sg,"",""
16.2,"","ὑμᾶς","","σύ",pron,"","","","",pl,"",acc
16.2,"","ὁ","","ὁ",det,"","","","",sg,m,nom
16.2,"","πᾶς","","πᾶς",adj,"","","","",sg,m,nom
16.2,"","χρόνος","","χρόνος",noun,"","","","",sg,m,nom
16.2,"","τῆς","","ὁ",det,"","","","",sg,f,gen
16.2,"","πίστεως","","πίστις",noun,"","","","",sg,f,gen
16.2,"","ὑμῶν",",","σύ",pron,"","","","",pl,"",gen
16.2,"","ἐὰν","","ἐάν",conj,"","","","","","",""
16.2,"","μὴ","","μή",ptcl,"","","","","","",""
16.2,"","ἐν","","ἐν",prep,"","","","","","",""
16.2,"","τῷ","","ὁ",det,"","","","",sg,m,dat
16.2,"","ἐσχάτῳ","","ἔσχατος",adj,"","","","",sg,m,dat
16.2,"","καιρῷ","","καιρός",noun,"","","","",sg,m,dat
16.2,"","τελειωθῆτε",.,"τελειόω",verb,aor,pass,subj,2,pl,"",""
16.3,"","ἐν","","ἐν",prep,"","","","","","",""
16.3,"","γὰρ","","γάρ",ptcl,"","","","","","",""
16.3,"","ταῖς","","ὁ",det,"","","","",pl,f,dat
16.3,"","ἐσχάταις","","ἔσχατος",adj,"","","","",pl,f,dat
16.3,"","ἡμέραις","","ἡμέρα",noun,"","","","",pl,f,dat
16.3,"","πληθυνθήσονται","","πληθύνω",verb,fut,pass,ind,3,pl,"",""
16.3,"","οἱ","","ὁ",det,"","","","",pl,m,nom
16.3,"","ψευδοπροφῆται","","ψευδοπροφήτης",noun,"","","","",pl,m,nom
16.3,"","καὶ","","καί",conj,"","","","","","",""
16.3,"","οἱ","","ὁ",det,"","","","",pl,m,nom
16.3,"","φθορεῖς",",","φθορεύς",noun,"","","","",pl,m,nom
16.3,"","καὶ","","καί",conj,"","","","","","",""
16.3,"","στραφήσονται","","στρέφω",verb,fut,pass,ind,3,pl,"",""
16.3,"","τὰ","","ὁ",det,"","","","",pl,n,nom
16.3,"","πρόβατα","","πρόβατον",noun,"","","","",pl,n,nom
16.3,"","εἰς","","εἰς",prep,"","","","","","",""
16.3,"","λύκους",",","λύκος",noun,"","","","",pl,m,acc
16.3,"","καὶ","","καί",conj,"","","","","","",""
16.3,"","ἡ","","ὁ",det,"","","","",sg,f,nom
16.3,"","ἀγάπη","","ἀγάπη",noun,"","","","",sg,f,nom
16.3,"","στραφήσεται","","στρέφω",verb,fut,pass,ind,3,sg,"",""
16.3,"","εἰς","","εἰς",prep,"","","","","","",""
16.3,"","μῖσος",.,"μῖσος",noun,"","","","",sg,n,acc
16.4,"","αὐξανούσης","","αὐξάνω",verb,pres,act,ptcp,"",sg,f,gen
16.4,"","γὰρ","","γάρ",ptcl,"","","","","","",""
16.4,"","τῆς","","ὁ",det,"","","","",sg,f,gen
16.4,"","ἀνομίας","","ἀνομία",noun,"","","","",sg,f,gen
16.4,"","μισήσουσιν","","μισέω",verb,fut,act,ind,3,pl,"",""
16.4,"","ἀλλήλους","","ἀλλήλων",pron,"","","","",pl,"",acc
16.4,"","καὶ","","καί",conj,"","","","","","",""
16.4,"","διώξουσι","","διώκω",verb,fut,act,ind,3,pl,"",""
16.4,"","καὶ","","καί",conj,"","","","","","",""
16.4,"","παραδώσουσι",",","παραδίδωμι",verb,fut,act,ind,3,pl,"",""
16.4,"","καὶ","","καί",conj,"","","","","","",""
16.4,"","τότε","","τότε",adv,"","","","","","",""
16.4,"","φανήσεται","","φαίνω",verb,fut,pass,ind,3,sg,"",""
16.4,"","ὁ","","ὁ",det,"","","","",sg,m,nom
16.4,"","κοσμοπλανὴς","","κοσμοπλανής",noun,"","","","",sg,m,nom
16.4,"","ὡς","","ὡς",conj,"","","","","","",""
16.4,"","υἱὸς","","υἱός",noun,"","","","",sg,m,nom
16.4,"","θεοῦ",",","θεός",noun,"","","","",sg,m,gen
16.4,"","καὶ","","καί",conj,"","","","","","",""
16.4,"","ποιήσει","","ποιέω",verb,fut,act,ind,3,sg,"",""
16.4,"","σημεῖα","","σημεῖον",noun,"","","","",pl,n,acc
16.4,"","καὶ","","καί",conj,"","","","","","",""
16.4,"","τέρατα",",","τέρας",noun,"","","","",pl,n,acc
16.4,"","καὶ","","καί",conj,"","","","","","",""
16.4,"","ἡ","","ὁ",det,"","","","",sg,f,nom
16.4,"","γῆ","","γῆ",noun,"","","","",sg,f,nom
16.4,"","παραδοθήσεται","","παραδίδωμι",verb,fut,pass,ind,3,sg,"",""
16.4,"","εἰς","","εἰς",prep,"","","","","","",""
16.4,"","χεῖρας","","χείρ",noun,"","","","",pl,f,acc
16.4,"","αὐτοῦ",",","αὐτός",pron,"","","","",sg,m,gen
16.4,"","καὶ","","καί",conj,"","","","","","",""
16.4,"","ποιήσει","","ποιέω",verb,fut,act,ind,3,sg,"",""
16.4,"","ἀθέμιτα",",","ἀθέμιτος",adj,"","","","",pl,n,acc
16.4,"","ἃ","","ὅς",pron,"","","","",pl,n,acc
16.4,"","οὐδέποτε","","οὐδέποτε",adv,"","","","","","",""
16.4,"","γέγονεν","","γίγνομαι",verb,perf,act,ind,3,sg,"",""
16.4,"","ἐξ","","ἐκ",prep,"","","","","","",""
16.4,"","αἰῶνος",.,"αἰών",noun,"","","","",sg,m,gen
16.5,"","τότε","","τότε",adv,"","","","","","",""
16.5,"","ἥξει","","ἥκω",verb,fut,mid,ind,3,sg,"",""
16.5,"","ἡ","","ὁ",det,"","","","",sg,f,nom
16.5,"","κτίσις","","κτίσις",noun,"","","","",sg,f,nom
16.5,"","τῶν","","ὁ",det,"","","","",pl,m,gen
16.5,"","ἀνθρώπων","","ἄνθρωπος",noun,"","","","",pl,m,gen
16.5,"","εἰς","","εἰς",prep,"","","","","","",""
16.5,"","τὴν","","ὁ",det,"","","","",sg,f,acc
16.5,"","πύρωσιν","","πύρωσις",noun,"","","","",sg,f,acc
16.5,"","τῆς","","ὁ",det,"","","","",sg,f,gen
16.5,"","δοκιμασίας",",","δοκιμασία",noun,"","","","",sg,f,gen
16.5,"","καὶ","","καί",conj,"","","","","","",""
16.5,"","σκανδαλισθήσονται","","σκανδαλίζω",verb,fut,pass,ind,3,pl,"",""
16.5,"","πολλοὶ","","πολύς",adj,"","","","",pl,m,nom
16.5,"","καὶ","","καί",conj,"","","","","","",""
16.5,"","ἀπολοῦνται",",","ἀπόλλυμι",verb,fut,mid,ind,3,pl,"",""
16.5,"","οἱ","","ὁ",det,"","","","",pl,m,nom
16.5,"","δὲ","","δέ",ptcl,"","","","","","",""
16.5,"","ὑπομείναντες","","ὑπομένω",verb,aor,act,ptcp,"",pl,m,nom
16.5,"","ἐν","","ἐν",prep,"","","","","","",""
16.5,"","τῇ","","ὁ",det,"","","","",sg,f,dat
16.5,"","πίστει","","πίστις",noun,"","","","",sg,f,dat
16.5,"","αὐτῶν","","αὐτός",pron,"","","","",pl,m,gen
16.5,"","σωθήσονται","","σῴζω",verb,fut,pass,ind,3,pl,"",""
16.5,"","ὑπ’","","ὑπό",prep,"","","","","","",""
16.5,"","αὐτοῦ","","αὐτός",pron,"","","","",sg,n,gen
16.5,"","τοῦ","","ὁ",det,"","","","",sg,n,gen
16.5,"","καταθέματος",.,"κατάθεμα",noun,"","","","",sg,n,gen
16.6,"","καὶ","","καί",conj,"","","","","","",""
16.6,"","τότε","","τότε",adv,"","","","","","",""
16.6,"","φανήσεται","","φαίνω",verb,fut,pass,ind,3,sg,"",""
16.6,"","τὰ","","ὁ",det,"","","","",pl,n,nom
16.6,"","σημεῖα","","σημεῖον",noun,"","","","",pl,n,nom
16.6,"","τῆς","","ὁ",det,"","","","",sg,f,gen
16.6,"","ἀληθείας","·","ἀλήθεια",noun,"","","","",sg,f,gen
16.6,"","πρῶτον","","πρῶτος",adj,"","","","",sg,n,nom
16.6,"","σημεῖον","","σημεῖον",noun,"","","","",sg,n,nom
16.6,"","ἐκπετάσεως","","ἐκπέτασις",noun,"","","","",sg,f,gen
16.6,"","ἐν","","ἐν",prep,"","","","","","",""
16.6,"","οὐρανῷ",",","οὐρανός",noun,"","","","",sg,m,dat
16.6,"","εἶτα","","εἶτα",adv,"","","","","","",""
16.6,"","σημεῖον","","σημεῖον",noun,"","","","",sg,n,nom
16.6,"","φωνῆς","","φωνή",noun,"","","","",sg,f,gen
16.6,"","σάλπιγγος",",","σάλπιγξ",noun,"","","","",sg,f,gen
16.6,"","καὶ","","καί",conj,"","","","","","",""
16.6,"","τὸ","","ὁ",det,"","","","",sg,n,nom
16.6,"","τρίτον","","τρίτος",adj,"","","","",sg,n,nom
16.6,"","ἀνάστασις","","ἀνάστασις",noun,"","","","",sg,f,nom
16.6,"","νεκρῶν",.,"νεκρός",adj,"","","","",pl,m,gen
16.7,"","οὐ","","οὐ",ptcl,"","","","","","",""
16.7,"","πάντων","","πᾶς",adj,"","","","",pl,m,gen
16.7,"","δέ",",","δέ",ptcl,"","","","","","",""
16.7,"","ἀλλ’","","ἀλλά",conj,"","","","","","",""
16.7,"","ὡς","","ὡς",conj,"","","","","","",""
16.7,"","ἐρρέθη","·","λέγω",verb,aor,pass,ind,3,sg,"",""
16.7,"","Ἥξει","","ἥκω",verb,fut,mid,ind,3,sg,"",""
16.7,"","ὁ","","ὁ",det,"","","","",sg,m,nom
16.7,"","κύριος","","κύριος",noun,"","","","",sg,m,nom
16.7,"","καὶ","","καί",conj,"","","","","","",""
16.7,"","πάντες","","πᾶς",adj,"","","","",pl,m,nom
16.7,"","οἱ","","ὁ",det,"","","","",pl,m,nom
16.7,"","ἅγιοι","","ἅγιος",adj,"","","","",pl,m,nom
16.7,"","μετ’","","μετά",prep,"","","","","","",""
16.7,"","αὐτοῦ",.,"αὐτός",pron,"","","","",sg,m,gen
16.8,"","τότε","","τότε",adv,"","","","","","",""
16.8,"","ὄψεται","","ὁράω",verb,fut,mid,ind,3,sg,"",""
16.8,"","ὁ","","ὁ",det,"","","","",sg,m,nom
16.8,"","κόσμος","","κόσμος",noun,"","","","",sg,m,nom
16.8,"","τὸν","","ὁ",det,"","","","",sg,m,acc
16.8,"","κύριον","","κύριος",noun,"","","","",sg,m,acc
16.8,"","ἐρχόμενον","","ἔρχομαι",verb,pres,mid,ptcp,"",sg,m,acc
16.8,"","ἐπάνω","","ἐπάνω",prep,"","","","","","",""
16.8,"","τῶν","","ὁ",det,"","","","",pl,f,gen
16.8,"","νεφελῶν","","νεφέλη",noun,"","","","",pl,f,gen
16.8,"","τοῦ","","ὁ",det,"","","","",sg,m,gen
16.8,"","οὐρανοῦ",.,"οὐρανός",noun,"","","","",sg,m,gen
